Municipality,av_d_mean_t_average_munic,days_mean_t_over_20_average_munic,days_mean_t_over_25_average_munic,av_d_max_t_average_munic,days_max_t_over_30_average_munic,av_d_min_t_average_munic,days_min_t_under_0_average_munic,av_prec_sum_average_munic,days_no_prec_average_munic,cons_days_no_prec_average_munic
Abrantes,16.596448084513348,116.61111111111113,26.902777777777775,66.53472222222223,66.53472222222223,11.317640262179905,0.9375000000000001,685.084721713596,289.6527777777778,68.95138888888889
Aguiar da Beira,13.713491838243273,76.15277777777779,14.09722222222222,48.44444444444445,48.44444444444445,8.01495032840305,24.04166666666667,718.1014109293623,283.47222222222223,54.833333333333336
Alandroal,17.106057408650717,132.42361111111111,47.520833333333336,96.56250000000001,96.56250000000001,10.789864709642197,5.256944444444444,524.2319446139865,298.4583333333333,77.16666666666667
Albergaria-a-Velha,15.510947748819985,84.125,11.9375,35.395833333333336,35.395833333333336,10.264881362915037,4.958333333333333,1010.2333216349283,269.6041666666667,51.958333333333336
Albufeira,17.700788078697638,133.11120104254255,27.460014986114572,51.9938840640354,51.9938840640354,13.270922501253558,0.0,539.0826187175314,303.8692427368596,86.77747338881993
Alcanena,16.094898486233316,99.46598270787035,15.929920050768517,41.00305150426873,41.00305150426873,11.600686241799307,0.4962311177911259,800.9306292862325,282.9903704859277,64.96212528880645
Alcobaça,16.22875181070964,97.53333333333336,13.791666666666664,32.883333333333326,32.883333333333326,12.052982452392577,0.25833333333333336,848.8549959309897,280.04999999999995,62.35833333333334
Alcochete,17.298373107910155,124.125,24.25,44.895833333333336,44.895833333333336,13.448830261230468,0.08333333333333333,736.120778910319,282.125,57.645833333333336
Alcoutim,17.34223743014865,131.06944444444449,33.77777777777778,71.73611111111111,71.73611111111111,11.978659193250868,0.47222222222222227,532.2499988132054,303.4444444444445,85.09722222222224
Alcácer do Sal,17.40068311642378,130.2820512820513,31.349358974358974,68.24038461538461,68.24038461538461,12.653640551444811,0.08974358974358974,626.7304435534355,294.4679487179487,76.00961538461539
Alenquer,16.46608820597331,103.39583333333333,15.604166666666666,33.208333333333336,33.208333333333336,12.699475428263348,0.08333333333333333,795.8187494913736,281.375,57.0625
Alfândega da Fé,14.577450612386066,96.32291666666667,27.75,65.60416666666667,65.60416666666667,8.472696838378907,27.9375,543.5041478474934,289.1979166666667,58.385416666666664
Alijó,13.913019578721793,81.47222222222223,16.75,55.18055555555555,55.18055555555555,8.039170515272351,28.18055555555556,620.6291632758247,285.61111111111114,54.55555555555555
Aljezur,17.321750742594404,121.6875,19.729166666666668,41.229166666666664,41.229166666666664,13.317353541056319,0.020833333333333332,594.2624969482423,301.2708333333333,84.5
Aljustrel,17.354968694051106,129.69791666666666,32.229166666666664,75.57291666666667,75.57291666666667,12.242103157043458,0.041666666666666664,583.184363301595,296.21875,77.82291666666667
Almada,17.19832858219584,119.5786044450822,20.27532347851043,35.854944540003665,35.854944540003665,13.829103930426669,0.041666666666666664,775.683584506618,281.1081170851007,55.92720111582397
Almeida,14.053502778552826,89.91071428571426,21.69047619047619,58.91071428571427,58.91071428571427,8.193559174310593,29.261904761904763,567.5255860101607,291.73809523809524,60.125
Almeirim,16.896804690890843,119.09722222222221,23.972222222222218,55.055555555555564,55.055555555555564,12.266759490966793,0.18055555555555558,715.979167344835,286.31944444444446,67.40277777777777
Almodôvar,16.764544773808232,115.65277777777779,22.7962962962963,57.324074074074076,57.324074074074076,11.91091752794054,0.19907407407407404,573.148144700792,300.425925925926,82.86574074074075
Alpiarça,16.908821188057413,118.93745468908783,23.57469735259207,54.210434250439675,54.210434250439675,12.267776191955692,0.1895728802935773,723.9885658373428,286.1737964820956,66.3548724982259
Alter do Chão,16.62433504740397,120.92708333333333,35.5,80.83333333333333,80.83333333333333,10.870931688944497,3.09375,602.5197939554849,294.4791666666667,72.27083333333333
Alvaiázere,15.752521938747831,95.18055555555559,15.444444444444448,44.888888888888886,44.888888888888886,10.803669052124024,1.6666666666666667,812.8041819254557,282.63888888888886,63.55555555555555
Alvito,17.211357270927806,129.49384074022274,35.58616519644667,84.068228393312,84.068228393312,11.66353572407071,0.510802636173856,580.9549816131681,295.58149513003235,76.89591331531797
Amadora,16.74689644554397,107.8858151781102,16.503400648787228,30.08907541242485,30.08907541242485,13.492856378547685,0.08333333333333333,806.5439258587784,280.70850058018954,55.75
Amarante,13.844334716796878,63.097222222222236,8.61111111111111,39.48611111111112,39.48611111111112,8.604833484225802,19.083333333333336,948.8638800726998,274.15277777777777,50.083333333333336
Amares,14.805278090625364,70.18870995416434,6.949513742922992,32.54709594500125,32.54709594500125,9.434096430948882,11.031180225416442,1300.4807991697533,253.1301396575112,39.251501031664986
Anadia,15.771244676378037,90.22222222222223,14.500000000000002,39.59722222222222,39.59722222222222,10.555912780761718,3.9166666666666674,947.5083218044703,273.1805555555556,54.375
Ansião,15.554473244564264,90.51209439770302,13.737849167934298,41.60496814567288,41.60496814567288,10.613407558710842,2.149986111455174,850.2898013893337,280.62087837170725,61.595936913875526
Arcos de Valdevez,13.505333048502608,49.06666666666666,3.7249999999999996,20.63333333333333,20.63333333333333,8.483194671630859,17.749999999999996,1444.8449491373694,243.75000000000003,34.349999999999994
Arganil,14.720102115207249,83.61111111111111,13.777777777777779,47.66666666666668,47.66666666666668,9.316941172281899,10.194444444444445,854.0374691433376,279.48611111111114,56.19444444444445
Armamar,14.128283055623372,80.04166666666667,17.0625,50.9375,50.9375,8.481341552734376,20.666666666666668,703.8999883015953,281.7291666666667,51.333333333333336
Arouca,14.26539655897352,66.125,7.666666666666667,34.16666666666668,34.16666666666668,8.882724880642362,13.305555555555555,1029.4083109537762,271.40277777777777,49.11111111111111
Arraiolos,16.69523515489366,121.18055555555553,33.09722222222222,80.06250000000001,80.06250000000001,11.064386605156793,1.7430555555555556,602.9722037421333,294.6666666666667,74.75694444444444
Arronches,16.543905334472655,123.98958333333333,45.166666666666664,90.51041666666667,90.51041666666667,10.33919532140096,9.885416666666666,525.1322710673013,297.1458333333333,70.14583333333333
Arruda dos Vinhos,16.447976755257375,102.66363379978908,15.31920267153312,31.917855492694375,31.917855492694375,12.851118435910294,0.10091435253205146,796.201121319029,281.21543325359704,56.4576645645863
Aveiro,15.982510088877595,91.29882979766764,14.113094409026829,35.86250862171486,35.86250862171486,10.829079353332276,2.895524124940741,992.824248038518,269.4238100601536,51.99404056924822
Avis,16.773538326687284,122.48611111111113,34.31249999999999,79.28472222222223,79.28472222222223,11.172435472276478,1.7430555555555556,611.6236016167535,294.34027777777777,73.40972222222221
Azambuja,16.94679200914171,116.3611111111111,20.40277777777778,41.20833333333333,41.20833333333333,12.950696394178602,0.08333333333333333,761.2583218044703,282.1944444444444,59.319444444444436
Baião,13.891792856852218,64.54166666666667,9.104166666666666,41.833333333333336,41.833333333333336,8.433099085489909,19.6875,943.9520579020185,274.7916666666667,49.1875
Barcelos,15.18249271392822,69.22916666666667,6.75,29.09375,29.09375,9.96819472630819,7.552083333333333,1402.6708246866863,249.61458333333334,38.989583333333336
Barrancos,17.443520151774088,137.8125,53.583333333333336,101.0,101.0,10.994764836629232,4.854166666666667,509.3937683105467,301.375,80.97916666666667
Barreiro,17.253307719165512,121.66662601295275,21.8490345389603,38.84925572011487,38.84925572011487,13.71685386304725,0.04174654535441987,756.2225122410847,281.30865130555225,56.43808095823895
Batalha,15.813746897379557,91.52083333333333,12.604166666666666,34.1875,34.1875,11.407720972696938,0.5833333333333334,857.3978851318357,279.8541666666667,63.625
Beja,17.341266197791466,132.15384615384616,38.53846153846154,87.86858974358977,87.86858974358977,11.63221719203851,0.7275641025641025,559.9291649060372,296.44871794871796,77.41025641025641
Belmonte,15.017077178955079,98.625,25.270833333333332,66.625,66.625,9.187934786478674,13.875,659.8416458129883,287.8541666666667,61.125
Benavente,17.23786435953776,124.0166666666667,24.733333333333334,48.875,48.875,13.120715779622394,0.08333333333333333,724.0700044759114,283.4333333333334,60.34166666666667
Bombarral,16.649451599638343,105.87431853678781,15.872671333671562,32.62330146171979,32.62330146171979,12.824444913722521,0.0963140886031764,810.9233081741464,281.5851278694262,58.6004251377389
Borba,16.40451176961263,119.64583333333333,37.083333333333336,86.45833333333333,86.45833333333333,10.333752632141115,6.604166666666667,559.7312321980795,296.8125,75.0
Boticas,12.984455464680991,59.416666666666664,6.902777777777778,35.13888888888889,35.13888888888889,7.539584019978843,31.847222222222218,840.5846923828126,274.86111111111114,49.15277777777778
Braga,14.825689341227216,68.6875,6.666666666666667,31.145833333333332,31.145833333333332,9.489831517537436,10.833333333333334,1320.1416615804035,254.27083333333334,41.8125
Bragança,13.056258997599286,74.07499999999999,13.137500000000003,44.06666666666667,44.06666666666667,7.065912877400716,46.17499999999999,689.195405476888,277.01249999999993,40.18333333333333
Cabeceiras de Basto,13.776189460754395,64.88541666666667,7.770833333333333,38.125,38.125,8.425022290547686,20.5,929.8031038920086,272.6354166666667,48.208333333333336
Cadaval,16.496468155968973,103.5660939343529,15.49750263346539,33.2605091118381,33.2605091118381,12.635636867844019,0.08419570709000575,805.7396653876804,281.5031617926688,58.534418082326965
Caldas da Rainha,16.517237548828124,103.15277777777773,15.402777777777777,33.34722222222222,33.34722222222222,12.526132507324219,0.1388888888888889,823.8944376627604,281.79166666666663,61.38888888888889
Caminha,14.610658620198565,51.979166666666664,3.9791666666666665,17.5,17.5,9.962709757486978,4.479166666666667,1524.0603515624998,237.125,30.875
Campo Maior,17.104484659830725,133.91666666666666,55.25,100.08333333333333,100.08333333333333,10.633507855733233,11.25,482.106248474121,297.7708333333333,68.16666666666667
Cantanhede,16.071366271972654,92.86111111111113,14.555555555555555,36.86111111111111,36.86111111111111,11.112750261094837,1.8194444444444444,944.5805480957033,272.7083333333333,56.43055555555555
Carrazeda de Ansiães,14.253178990681967,89.32291666666667,21.572916666666668,61.760416666666664,61.760416666666664,8.142139711380004,28.020833333333332,562.9625006357828,287.65625,57.666666666666664
Carregal do Sal,15.398199208577472,93.04166666666667,18.0625,56.5,56.5,9.722835884094238,7.4375,861.4208328247068,277.4791666666667,52.333333333333336
Cartaxo,16.899020767211912,116.4375,21.041666666666668,45.020833333333336,45.020833333333336,12.678427073160806,0.10416666666666667,751.7374811808269,283.4791666666667,63.75
Cascais,16.575066552480223,101.85216390811308,14.072785246202914,26.623260082936127,26.623260082936127,13.366592930249318,0.08333333333333333,812.9399253370643,280.72681966623577,55.75
Castanheira de Pêra,14.199492914296526,72.0223031165885,9.05801772806135,36.44590231872956,36.44590231872956,9.171691312473339,9.620274451117693,890.120515950735,279.5662200009203,60.64786553840306
Castelo Branco,16.016550547281906,112.9453125,33.721354166666664,76.046875,76.046875,10.169348335266111,7.416666666666667,632.0945187886556,291.4166666666667,69.6875
Castelo de Paiva,14.784829272916037,72.69229093310896,9.542682394312047,37.02980388773543,37.02980388773543,9.32470245406571,10.822411841785206,1052.5505673414352,269.1561346347348,47.90613072988086
Castelo de Vide,16.150261925591362,115.58333333333333,35.458333333333336,79.02777777777777,79.02777777777777,10.27747176276313,7.055555555555557,594.4944491916232,294.65277777777777,72.19444444444444
Castro Daire,13.091201975504559,57.15,6.8500000000000005,34.09166666666666,34.09166666666666,7.674671877543131,26.683333333333334,915.3291573079426,276.44166666666666,52.94166666666666
Castro Marim,17.91071143256293,141.54166666666669,41.875,74.74999999999999,74.74999999999999,12.519152865939672,0.3888888888888889,503.51388414171,307.50000000000006,88.55555555555554
Castro Verde,17.14584532843696,125.77083333333331,29.618055555555554,72.34722222222224,72.34722222222224,11.979198574490013,0.18055555555555558,569.9208241780599,298.11805555555554,79.125
Celorico da Beira,14.049580027262367,83.47916666666667,17.875,55.104166666666664,55.104166666666664,8.32257230122884,22.541666666666668,693.5520634969076,284.8958333333333,56.6875
Celorico de Basto,14.210104115804034,66.97916666666667,8.645833333333334,39.916666666666664,39.916666666666664,8.861511751810712,16.020833333333332,988.5375137329102,272.0208333333333,48.791666666666664
Chamusca,16.633417336600164,115.45238095238096,23.73809523809523,59.3154761904762,59.3154761904762,11.687208012172155,0.44047619047619047,706.557725742885,287.85119047619054,67.99404761904762
Chaves,13.686983947753907,76.4702380952381,12.803571428571429,49.458333333333336,49.458333333333336,7.7772619301932195,32.035714285714285,704.6767865862165,277.0892857142857,49.57738095238094
Cinfães,13.650712000528975,59.854166666666664,6.645833333333333,34.854166666666664,34.854166666666664,8.255210113525392,19.979166666666668,988.1707977294919,273.6875,49.270833333333336
Coimbra,16.136060248480906,98.93055555555554,16.541666666666668,43.38888888888889,43.38888888888889,11.036010810004342,1.8472222222222223,877.2597164577909,276.48611111111114,59.27777777777777
Condeixa-a-Nova,15.942183481852213,96.04166666666667,15.291666666666666,42.0,42.0,10.941377894083658,1.7083333333333333,870.6729232788088,277.9791666666667,60.645833333333336
Constância,16.596289170913156,115.30060647514455,24.437008496056617,61.6997754801312,61.6997754801312,11.502952601077839,0.643820366559047,702.78522368998,288.7137358710418,68.5431691850574
Coruche,17.06612870827699,123.34615384615381,27.88461538461539,62.08653846153845,62.08653846153845,12.310291239420573,0.16666666666666666,683.8394212771685,288.5352564102564,70.4775641025641
Covilhã,14.217699106852214,83.45,15.883333333333333,52.58333333333332,52.58333333333332,8.651690373738607,16.900000000000002,758.2425014241536,283.2,59.125
Crato,16.37914527045356,117.34722222222221,34.243055555555564,79.00000000000001,79.00000000000001,10.595538351270884,4.756944444444444,606.1999855889214,294.18750000000006,71.83333333333333
Cuba,17.09816351996528,128.58333333333334,36.375,87.2361111111111,87.2361111111111,11.327260258992512,1.0555555555555556,571.3208177354601,295.52777777777777,76.23611111111111
Elvas,16.732078138078965,126.90476190476193,46.56547619047618,93.60714285714288,93.60714285714288,10.42932743980771,9.404761904761903,515.8547560918898,297.66071428571433,71.42261904761905
Entroncamento,16.81553960164388,117.75,23.958333333333332,57.291666666666664,57.291666666666664,11.91725774129232,0.25,720.5000386555989,287.375,66.58333333333333
Espinho,15.596865145616297,80.09288742076399,9.723505905829517,30.825188530061553,30.825188530061553,10.459754816816657,4.10679495037661,1104.1551483174815,264.9589625250982,47.13596171338701
Esposende,15.245472157926365,66.43924642396229,6.179848458765758,25.498944081336703,25.498944081336703,10.216628619438834,5.44649374333251,1397.4553605908786,245.73658137567557,36.856556509063346
Estarreja,15.778392350114304,87.23392153679252,12.628626226048612,35.26057797731432,35.26057797731432,10.558472482113075,3.7498845754405257,1019.5658280817876,268.3629307445136,48.34496196749425
Estremoz,16.476409057617186,119.58333333333333,35.525,84.04166666666667,84.04166666666667,10.539483566284177,4.791666666666667,577.511664835612,295.4750000000001,74.61666666666666
Fafe,14.007374583942235,62.01145011473154,5.850454708943752,33.2924408639597,33.2924408639597,8.711774581837007,16.61864262145548,1084.7946634306627,266.8186441803599,46.49182690174455
Faro,17.71413848206848,133.44399433135732,30.37107603303322,54.03333468227205,54.03333468227205,13.111843120279973,0.04009554650471178,517.3304006105781,306.01129564778586,87.15016823844752
Felgueiras,14.448485743204754,67.77083333333333,7.770833333333333,36.4375,36.4375,9.086196975708004,13.645833333333334,1094.5083491007485,267.6041666666667,47.791666666666664
Ferreira do Alentejo,17.437495974586124,132.4345238095238,35.27976190476191,80.32738095238095,80.32738095238095,12.179922209240141,0.16666666666666666,583.4464247204008,295.98809523809524,77.58928571428571
Ferreira do Zêzere,15.93666547987196,101.51388888888891,18.625000000000004,52.48611111111111,52.48611111111111,10.83677973429362,1.625,769.9624850802951,284.36111111111114,65.66666666666667
Figueira da Foz,16.27237647162543,97.47916666666667,14.979166666666666,36.0625,36.0625,11.548428416781958,0.6875000000000001,919.5826126098633,275.12500000000006,59.9375
Figueira de Castelo Rodrigo,14.605639027913412,97.59166666666665,27.88333333333333,65.44166666666666,65.44166666666666,8.6320199991862,25.46666666666667,536.0891628011068,291.7083333333333,57.50833333333333
Figueiró dos Vinhos,14.785609385172528,81.22916666666667,11.979166666666666,40.520833333333336,40.520833333333336,9.743353652954102,6.416666666666667,858.3541376749675,280.8541666666667,63.145833333333336
Fornos de Algodres,14.580447006225583,90.27083333333333,20.375,59.291666666666664,59.291666666666664,8.760281867980959,15.75,711.5562271118165,282.8541666666667,54.9375
Freixo de Espada à Cinta,15.071509433322488,104.48611111111113,34.73611111111111,71.90277777777779,71.90277777777779,9.028014382256403,23.555555555555554,517.6083440144855,292.52777777777777,56.02777777777777
Fronteira,16.694191258748372,123.8125,39.083333333333336,86.16666666666667,86.16666666666667,10.745019810994465,4.4375,568.8062423706053,295.8125,72.58333333333333
Fundão,15.128747398739767,98.4761904761905,23.827380952380953,64.73809523809524,64.73809523809524,9.400616865612212,11.398809523809524,694.3999957856677,286.86904761904765,63.511904761904766
Gavião,16.36361987643772,114.51388888888891,28.430555555555554,71.49999999999999,71.49999999999999,10.831062181260853,2.5277777777777777,660.4027496337891,291.01388888888886,69.43055555555556
Golegã,16.910036188761396,119.5,24.208333333333332,56.583333333333336,56.583333333333336,12.095411071777342,0.25,719.5625452677409,287.2083333333333,66.58333333333333
Gondomar,15.270858371215965,76.50523931410905,9.43534598636103,32.91422614555861,32.91422614555861,9.967040403934186,6.9326159271578165,1122.6119469981504,264.8916681138594,46.31777413305448
Gouveia,13.660649846394852,75.29166666666667,14.020833333333334,48.15625,48.15625,8.096664702097575,24.885416666666668,783.8239321390788,281.5416666666667,56.770833333333336
Grândola,17.318336820249204,127.05555555555554,28.009259259259263,61.45370370370369,61.45370370370369,12.796634255868417,0.05092592592592593,626.0249820285372,295.7962962962963,77.0787037037037
Guarda,13.687937018984838,80.64880952380952,15.613095238095235,51.339285714285715,51.339285714285715,8.00502574739002,27.422619047619047,671.6434345063711,286.3095238095238,58.06547619047618
Guimarães,14.739496053059895,70.29166666666667,7.458333333333333,33.958333333333336,33.958333333333336,9.356114781697592,11.791666666666666,1199.162473551432,260.75,43.854166666666664
Góis,14.547781456841362,79.33333333333333,11.444444444444445,43.01388888888889,43.01388888888889,9.315274946424696,8.916666666666666,863.1514082166885,280.1666666666667,58.37499999999999
Idanha-a-Nova,16.271204350789386,119.8095238095238,43.901785714285715,85.05654761904762,85.05654761904762,10.231896149771554,9.651785714285714,548.3431464785622,295.375,70.1904761904762
Lagoa,17.793619054230632,133.70658287131351,26.08055956177131,48.46025364336231,48.46025364336231,13.540051875485666,0.0,551.6571739129048,303.21160587411714,86.25132577831245
Lagos,17.65000254313151,129.27083333333334,22.541666666666668,43.229166666666664,43.229166666666664,13.602529144287109,0.0,572.1354181925456,302.5833333333333,84.39583333333333
Lamego,13.561119079589844,63.666666666666664,10.0625,41.625,41.625,8.092237218221028,23.208333333333332,859.5229263305665,277.9166666666667,51.5
Leiria,16.231268730163578,98.89583333333333,15.229166666666666,37.416666666666664,37.416666666666664,11.691952107747397,0.4895833333333333,856.8145912170411,279.2395833333333,63.15625
Lisboa,16.997934199330697,115.25618522824108,18.82212742496136,33.99395197655345,33.99395197655345,13.691898197716148,0.08288394734323977,802.204895258095,280.82407547759584,55.75
Loulé,17.132827682495122,121.78125,24.338541666666668,51.239583333333336,51.239583333333336,12.512585156758625,0.14583333333333334,545.6864568710325,303.5625,85.921875
Loures,16.645371642443425,106.62144318605554,16.354145208357345,31.597896546583204,31.597896546583204,13.221460537144404,0.09589286422384542,798.4199863061316,281.0327785838443,55.92320315455023
Lourinhã,16.629372310245568,104.16486060941325,15.3366260664113,30.433270467423423,30.433270467423423,12.940559400946285,0.11623951397824944,819.5058883048831,281.24904243173506,56.632711278610806
Lousada,14.69569013728244,70.12705483693806,8.304654739678643,35.964886674121495,35.964886674121495,9.292801121508687,11.965006711661125,1123.9593275516736,265.93895648098766,46.588263714969905
Lousã,15.193795720060558,87.51653688381742,13.827384456793668,44.775389223991276,44.775389223991276,9.984511549524635,5.261209197407653,860.8141967686006,279.67702347572725,58.9240124200684
Macedo de Cavaleiros,13.987383706229075,87.97023809523809,20.91071428571428,56.101190476190474,56.101190476190474,7.928561884562174,34.482142857142854,597.2690364292688,284.0059523809524,49.50595238095238
Mafra,16.417509587605792,99.0,13.854166666666666,27.270833333333332,27.270833333333332,13.044111150105794,0.08333333333333333,815.1687672932943,280.8958333333333,56.416666666666664
Maia,15.269961496988929,72.66666666666667,7.520833333333333,29.333333333333332,29.333333333333332,10.091217358907063,6.208333333333333,1232.7520446777346,257.4166666666667,43.708333333333336
Mangualde,14.719215592080197,87.11653172608119,18.34034367578967,57.116615353232454,57.116615353232454,8.962298999927771,12.751114816496687,820.8738894587169,279.0222074958783,52.862444126988215
Manteigas,12.060818754794697,53.41299668980639,6.54931485191333,31.272231098448497,31.272231098448497,6.7945241720499965,42.554177499292756,832.0082031636985,281.1706860668584,58.28412037978669
Marco de Canaveses,14.769468714396154,74.66666666666667,11.041666666666666,44.145833333333336,44.145833333333336,9.201085370381673,13.791666666666666,1038.4041793823242,269.8958333333333,47.395833333333336
Marinha Grande,16.358324203491208,99.5625,14.854166666666666,34.395833333333336,34.395833333333336,11.978865127563475,0.375,873.7812494913737,277.8541666666667,62.395833333333336
Marvão,15.538849004109702,107.6875,31.375,74.33333333333333,74.33333333333333,9.686012738545735,12.083333333333334,597.6020680745443,294.6666666666667,71.22916666666667
Matosinhos,15.39122177401836,73.8984585937275,7.991182237365521,28.858594810327343,28.858594810327343,10.260060177667352,5.081546762606056,1216.8853953928337,257.91552306890895,44.003087310313965
Mação,16.01177121480306,107.625,23.989583333333332,64.52083333333333,64.52083333333333,10.580725777943927,3.0729166666666665,699.3312316894531,288.3333333333333,67.53125
Mealhada,15.896230245806338,93.62460107832327,15.438681262528517,41.629821800218046,41.629821800218046,10.712694728024806,2.8081540811404477,911.6929036250793,274.5012898641482,55.98055160239114
Meda,14.429406000773112,92.5625,22.875,62.125,62.125,8.450905749003093,23.3125,573.5854052225749,289.0833333333333,56.645833333333336
Melgaço,11.705232493082685,30.833333333333332,1.4583333333333333,13.270833333333334,13.270833333333334,6.7464818700154625,38.416666666666664,1344.6854349772132,245.22916666666666,33.479166666666664
Mesão Frio,14.326536090939454,72.50053455495161,13.145374458816882,49.308351151037556,49.308351151037556,8.83001744267049,15.543467578126906,847.6702243295704,277.85230779549653,49.03879911845859
Mira,16.125636702274097,92.6491879268766,13.990160638530838,34.696132661685795,34.696132661685795,11.220107825109297,1.7265942331218938,977.8849859050064,270.3697099302347,54.06726341052845
Miranda do Corvo,15.324588516788765,87.86712069204339,13.613196240588735,41.95079504493472,41.95079504493472,10.22537096183594,4.0048945989826565,870.9090458613761,278.6912337608825,60.132408275995935
Miranda do Douro,13.356742716471357,81.05833333333334,17.083333333333332,51.16666666666666,51.16666666666666,7.295022903442383,44.65000000000001,519.8266752115886,286.7333333333333,49.50833333333333
Mirandela,14.609444385104707,95.59722222222223,25.229166666666668,64.65972222222221,64.65972222222221,8.47435978359646,26.659722222222218,575.3249857584635,285.9305555555556,55.39583333333334
Mogadouro,14.161564315795898,92.32499999999997,24.416666666666668,60.31666666666667,60.31666666666667,8.121107124328615,33.766666666666666,526.5825048828125,289.80000000000007,54.84166666666667
Moimenta da Beira,12.848040008544926,58.770833333333336,7.979166666666667,36.1875,36.1875,7.349673156738281,31.708333333333332,797.1146291097006,280.4375,54.479166666666664
Moita,17.279994806382316,122.83511663750049,22.87394929600062,40.99453923163471,40.99453923163471,13.638737917564244,0.06507133216438585,747.9326123144314,281.53085619759014,57.142211843774504
Monchique,16.838878606160485,112.1875,17.604166666666668,40.895833333333336,40.895833333333336,12.678263558281794,0.048611111111111126,597.9027876112197,300.9930555555555,83.51388888888889
Mondim de Basto,13.617779253793175,63.174915310255464,8.402832462690274,38.365693929883726,38.365693929883726,8.409621650125839,21.738748044447263,892.5344303083738,275.0714960585729,50.200930202042336
Monforte,16.489833760579433,121.41666666666664,39.77500000000001,86.52500000000002,86.52500000000002,10.436413157145184,7.241666666666668,554.7633390299479,296.78333333333336,73.125
Montalegre,11.952320994059244,42.87916666666667,3.1250000000000004,22.354166666666668,22.354166666666668,6.6746994984944665,42.5875,998.3570676676433,265.675,46.35
Montemor-o-Novo,16.81740463648087,119.9903846153846,27.743589743589737,67.97115384615385,67.97115384615385,11.809861778846155,0.3461538461538461,644.6118532620945,293.3429487179487,75.38141025641026
Montemor-o-Velho,16.231250624244293,98.07903836130565,15.606562479713483,38.91106356960814,38.91106356960814,11.320631783078172,1.2297577435616105,907.9866664912471,275.2450704469907,58.86420882258818
Montijo,17.142874806722006,123.75,26.145833333333332,57.0,57.0,12.6975316619873,0.08333333333333333,692.860422261556,287.3125,68.52083333333333
Monção,14.564244181315104,62.104166666666664,5.75,24.166666666666668,24.166666666666668,9.515784263610842,7.25,1437.4103169759112,238.60416666666666,30.708333333333332
Mora,17.029212351481117,126.14166666666667,34.166666666666664,77.99166666666666,77.99166666666666,11.63121258544922,0.6750000000000002,617.3324916585286,294.15000000000003,74.85
Mortágua,15.514150365193686,90.08333333333333,15.020833333333334,45.395833333333336,45.395833333333336,10.126009076436363,5.25,903.0041397094727,275.5625,53.729166666666664
Moura,17.36200146145291,136.20370370370372,49.65740740740742,97.75925925925928,97.75925925925928,11.008135310985422,4.055555555555556,522.0949058250143,300.31018518518516,81.02314814814815
Mourão,17.435477956136065,137.79166666666663,52.66666666666668,101.0,101.0,10.983091684977211,4.722222222222222,510.6152611626519,300.2638888888889,80.44444444444446
Murtosa,15.974369510016245,90.26997978102794,13.45555476495341,34.53650058119815,34.53650058119815,10.827015769254892,2.7446232338795657,1025.8760325032347,267.3397392685246,49.08777640566188
Murça,14.252155888875329,87.85416666666667,20.1875,60.020833333333336,60.020833333333336,8.290462277730304,25.916666666666668,607.9291493733724,285.3333333333333,54.75
Mértola,17.42949085724659,133.1955128205128,37.42307692307693,80.46474358974358,80.46474358974358,11.888282208564954,0.4871794871794872,539.9240291106395,300.91666666666663,83.45833333333334
Nazaré,16.405339269021045,100.4377089964204,14.557280983709575,33.11693248297519,33.11693248297519,12.246836866567639,0.23440406641623046,850.2371054950896,279.8131801375826,62.204021424236885
Nelas,15.008567013261986,88.30174955146003,17.945157458724456,57.31846564743213,57.31846564743213,9.229111829905007,10.36974735364341,858.854731513721,277.86004128901453,51.514081685382536
Nisa,16.40625237358941,117.79166666666667,34.81944444444445,78.66666666666667,78.66666666666667,10.61709491305881,4.451388888888889,616.5374918619792,293.3402777777777,71.32638888888889
Odemira,17.277306269892943,123.94444444444446,23.787037037037035,52.25231481481481,52.25231481481481,12.905866459034108,0.02314814814814815,598.7810132061992,298.87499999999994,80.15046296296298
Odivelas,16.709076728537436,107.74293491811365,16.593342957330915,31.093158069291217,31.093158069291217,13.391905421631606,0.09560976570204464,806.2166875726912,280.8423956229996,55.75
Oeiras,16.732132026839775,107.32847696778167,16.21893101200198,29.66953732296102,29.66953732296102,13.483634536110877,0.08333333333333333,806.6749212851778,280.71614080656036,55.75
Oleiros,14.691376352945966,85.89166666666665,14.616666666666669,50.27500000000001,50.27500000000001,9.319807418823244,9.408333333333331,791.9525008138021,283.1,62.60833333333334
Olhão,18.02383399963379,140.89583333333334,34.666666666666664,57.875,57.875,13.317702433268233,0.020833333333333332,502.3937362670897,307.3958333333333,88.58333333333333
Oliveira de Azeméis,15.030730789299389,74.41682241521615,9.028000581638267,32.44785470183533,32.44785470183533,9.790954865596442,7.086226806706058,1057.8066012760994,268.13716026338994,48.292891691597724
Oliveira de Frades,14.41620858946551,69.92154970288931,8.769372955162225,36.163559903260094,36.163559903260094,9.049867298939056,11.385118163517802,1007.815787252927,272.51437736992756,49.15904697673713
Oliveira do Bairro,16.001671040041952,92.42689912835137,14.931348434838165,38.0700510736149,38.0700510736149,10.828912575598435,3.063447833506487,966.7688298867505,271.3477776805558,54.59146009444871
Oliveira do Hospital,15.03587053934733,89.64583333333333,17.854166666666668,57.0,57.0,9.358858133951822,9.1875,837.8437810262043,279.1666666666667,55.041666666666664
Ourique,17.149269641694566,123.13095238095237,25.910714285714278,60.75595238095238,60.75595238095238,12.41628136044457,0.029761904761904764,583.5351176670619,298.9583333333333,80.02976190476191
Ourém,15.756128468831383,93.08333333333333,13.833333333333334,39.37500000000001,39.37500000000001,11.105719563802083,0.8833333333333333,830.6308449300132,281.8416666666667,64.06666666666666
Ovar,15.665337558322477,83.375,10.874999999999998,32.72222222222222,32.72222222222222,10.489768464830187,3.916666666666666,1064.830550808377,266.375,47.87500000000001
Palmela,17.244961556328672,123.89583333333333,24.923611111111114,49.263888888888886,49.263888888888886,13.2033969200982,0.0763888888888889,712.7006803724502,284.4513888888889,61.708333333333336
Pampilhosa da Serra,13.97758282131619,73.54166666666667,10.180555555555554,42.291666666666664,42.291666666666664,8.705860493977864,14.236111111111109,851.3347191704644,280.5694444444444,58.90277777777777
Paredes,14.927266159057618,71.6875,8.229166666666666,33.104166666666664,33.104166666666664,9.588346138000487,9.541666666666666,1142.1958140055337,264.7291666666667,45.708333333333336
Paredes de Coura,13.872524900287535,46.72971521159061,3.3931572893420086,17.477335506511135,17.477335506511135,9.110518061195716,9.379086800069077,1573.5703851561254,238.24945889390332,31.674288186384114
Paços de Ferreira,14.709036074641132,67.49788483733153,7.05449724586476,31.99120174028225,31.99120174028225,9.393168823753816,10.819376518938668,1177.4934316099632,263.23733561477417,45.00027327925554
Pedrógão Grande,15.035584462483724,85.79166666666667,13.125,44.729166666666664,44.729166666666664,9.898117027282716,4.9375,836.5582926432293,281.4583333333333,62.9375
Penacova,15.336099014282226,85.29166666666667,12.9375,40.25,40.25,10.161423568725583,4.104166666666667,916.0916915893555,275.5,55.583333333333336
Penafiel,14.832660302056205,72.22222222222221,9.083333333333334,36.24999999999999,36.24999999999999,9.398039186265734,10.791666666666666,1082.1722161187067,267.63888888888886,47.15277777777778
Penalva do Castelo,14.493615036010745,84.27083333333333,17.270833333333332,54.708333333333336,54.708333333333336,8.740594215393065,14.395833333333334,815.0895655314129,278.7916666666667,52.791666666666664
Penamacor,14.976523869832356,100.73611111111109,28.222222222222218,68.47916666666667,68.47916666666667,9.118238605923123,16.979166666666668,610.0756866455079,291.27777777777777,64.08333333333333
Penedono,13.659457931518553,78.75,15.791666666666666,51.645833333333336,51.645833333333336,7.773102639516195,29.979166666666668,603.7500048319499,286.9583333333333,57.291666666666664
Penela,15.256090342203777,86.3125,12.708333333333334,41.354166666666664,41.354166666666664,10.228307863871256,3.2708333333333335,862.997910563151,280.1458333333333,60.875
Peniche,16.61220803344233,103.61793516961747,15.090398163715868,30.171376553494223,30.171376553494223,12.8435937922595,0.08568827674710063,825.5136813850654,281.36558077554946,58.42392636103498
Peso da Régua,14.56734865670578,81.98258513215043,17.111611882803462,52.61507770786306,52.61507770786306,9.106277554476172,14.724043773230242,766.8775131631527,279.1409600630802,49.070092164028516
Pinhel,14.30792789713542,92.05833333333334,22.8,60.97499999999999,60.97499999999999,8.414482442220054,25.483333333333338,584.8183248901366,289.47499999999997,57.78333333333333
Pombal,16.031733500162762,96.31944444444446,14.791666666666666,39.04861111111111,39.04861111111111,11.298441115485298,0.9236111111111112,861.2215121799045,279.3888888888889,62.375
Ponte da Barca,13.919475580851236,55.104166666666664,4.020833333333333,24.5625,24.5625,8.753096694946287,14.916666666666666,1382.8187917073571,247.64583333333334,36.875
Ponte de Lima,14.579565673828128,57.633333333333326,5.041666666666667,23.21666666666667,23.21666666666667,9.591359064737956,8.225,1492.5341276041663,241.8166666666667,34.6
Ponte de Sor,16.732198537190754,119.94444444444446,29.699074074074066,71.13425925925925,71.13425925925925,11.42304178873698,0.9259259259259259,655.0078647189669,291.4537037037037,71.45833333333333
Portalegre,15.77808111826579,110.88541666666667,32.958333333333336,77.44791666666667,77.44791666666667,9.863225256601968,10.729166666666666,584.2333231608073,295.2916666666667,72.02083333333333
Portel,17.00729626464843,129.10833333333332,40.06666666666666,91.55833333333334,91.55833333333334,10.876684544881185,3.441666666666667,562.4450024414062,296.1916666666667,77.97499999999998
Portimão,17.52629367862229,127.2749565865319,22.72757566146532,44.871214454469715,44.871214454469715,13.370437465568962,0.0,570.9996557535715,302.4081431133562,84.54773250883086
Porto,15.378428929672886,74.56766435607878,8.461223946447925,29.578803675927485,29.578803675927485,10.225264558951466,5.257843402877281,1174.8109050400165,261.30529225604806,45.30858777952563
Porto de Mós,15.219942092895508,80.4375,9.583333333333334,29.375,29.375,10.930530242919922,0.875,878.9624725341799,279.0416666666667,63.604166666666664
Proença-a-Nova,15.510709045410158,100.60833333333335,22.075000000000003,61.866666666666674,61.866666666666674,10.014007090250649,6.199999999999998,716.0774965413411,287.21666666666664,66.83333333333333
Póvoa de Lanhoso,14.244016036987306,64.75,6.125,33.25,33.25,8.89654664357503,15.3125,1146.0999806722004,262.8958333333333,45.0
Póvoa de Varzim,15.401263151075176,71.17735308012632,6.971241935700854,27.509142062049346,27.509142062049346,10.310585821475962,5.229566583805684,1346.7388685666908,249.96219151056303,39.60248172754459
Redondo,16.886298149956602,127.41666666666667,40.25,90.38888888888887,90.38888888888887,10.806677652994788,3.736111111111112,557.4861083984375,296.6805555555556,76.55555555555556
Reguengos de Monsaraz,17.319623184204108,135.43055555555554,48.18749999999999,97.84027777777781,97.84027777777781,10.992690281338161,3.8888888888888893,530.0173529730903,298.3541666666667,79.15972222222223
Resende,12.950932087347864,54.57898181670978,6.792911701461499,33.88428505228238,33.88428505228238,7.552059238370938,29.429898794591093,926.6864198560575,276.04000019040075,51.867810553648916
Ribeira de Pena,12.67166831970215,53.833333333333336,5.458333333333333,30.75,30.75,7.55095416386922,31.5625,867.3354385375977,275.7291666666667,51.854166666666664
Rio Maior,16.574075558980308,107.03125,17.333333333333332,38.770833333333336,38.770833333333336,12.432909838358563,0.10416666666666667,789.0374852498371,282.7604166666667,62.739583333333336
Sabrosa,14.080948805224901,81.4888119940778,16.72214462104073,51.86354093039679,51.86354093039679,8.49030462285768,21.735568605130197,672.4204773242947,283.39801158120326,51.97403028769295
Sabugal,13.894467951456704,86.65625,19.140625,56.385416666666664,56.385416666666664,8.133315556844076,28.322916666666668,614.3249945322672,290.03125,59.979166666666664
Salvaterra de Magos,17.05387397766113,121.375,23.666666666666668,50.8125,50.8125,12.7077335357666,0.10416666666666667,729.0270904541017,284.4166666666667,65.27083333333333
Santa Comba Dão,15.56952003479004,93.35416666666667,16.729166666666668,51.041666666666664,51.041666666666664,10.054027493794761,5.75,875.8833277384439,277.5,53.416666666666664
Santa Maria da Feira,15.046278737386068,73.44444444444444,8.624999999999998,31.75,31.75,9.786246939765082,7.263888888888888,1089.6208367241754,266.9305555555556,47.08333333333334
Santa Marta de Penaguião,14.240879337245907,75.3842005574637,13.990212269408595,47.13027448809893,47.13027448809893,9.053413980795106,16.20734997556866,787.9173148430224,278.4510633622757,49.9450824604595
Santarém,16.514669045342334,108.0486111111111,18.756944444444446,43.951388888888886,43.951388888888886,12.107430487738716,0.22916666666666666,776.8583438449433,283.5416666666667,65.32638888888889
Santiago do Cacém,17.247451030589918,124.67129629629629,26.157407407407415,58.62500000000001,58.62500000000001,12.75714875962999,0.032407407407407406,612.3453631930882,297.6990740740741,79.28703703703702
Santo Tirso,14.80840756734212,68.5,6.958333333333333,31.833333333333332,31.833333333333332,9.492211341857912,10.520833333333334,1222.950026448568,260.0208333333333,43.875
Sardoal,16.12083866886446,107.35174411880479,22.06992538932597,60.65605851374664,60.65605851374664,10.866613888858948,1.7355398730221252,719.7383667306909,287.1290171075679,67.58736352554226
Seia,13.412146016438802,69.425,11.383333333333335,42.69166666666666,42.69166666666666,8.00662383524577,25.224999999999994,853.6899812825521,279.54166666666663,55.900000000000006
Seixal,17.20004630017424,120.01770103403317,20.738338283540404,37.104817116038106,37.104817116038106,13.749893257121498,0.041666666666666664,764.5994247523385,281.2484672334805,56.199673841275114
Sernancelhe,13.51850056966146,73.80555555555554,13.694444444444445,46.805555555555564,46.805555555555564,7.775407053629557,27.861111111111104,675.8846920437283,284.6666666666667,54.875
Serpa,17.431357192993165,135.70833333333334,45.270833333333336,93.6111111111111,93.6111111111111,11.325136712392172,1.9375000000000002,539.580202907986,299.0486111111111,81.36458333333334
Sertã,15.099718538920085,90.23958333333333,15.65625,50.375,50.375,9.840888086954754,6.135416666666667,780.2979303995768,284.3645833333333,65.38541666666667
Sesimbra,17.05030412038168,116.5625,19.40625,36.822916666666664,36.822916666666664,13.538509076436362,0.052083333333333336,753.1260340372722,281.5416666666667,56.479166666666664
Setúbal,17.392223841349285,127.16666666666667,26.1875,50.770833333333336,50.770833333333336,13.332000325520836,0.0625,701.3103897094728,284.5208333333333,61.25
Sever do Vouga,14.61799769083659,70.47916666666667,8.395833333333334,33.625,33.625,9.352167523701985,9.479166666666666,1028.218680826823,270.9375,49.041666666666664
Silves,17.43069266909645,127.10714285714288,24.58928571428571,50.464285714285715,50.464285714285715,13.007934374128068,0.0,555.4107038952055,302.8869047619048,85.36904761904763
Sines,17.315258051554363,124.45833333333333,24.208333333333332,50.770833333333336,50.770833333333336,13.10455146789551,0.041666666666666664,619.9708257039389,297.9791666666667,80.27083333333333
Sintra,16.587737314860025,103.27499999999999,14.833333333333334,27.925,27.925,13.323463073730467,0.09166666666666667,811.5683345540364,280.77500000000003,55.88333333333333
Sobral de Monte Agraço,16.329940519393418,99.08916039893025,13.973578547682685,29.447075956205406,29.447075956205406,12.797725410310163,0.10173500714985217,808.4668983925003,281.09984292125006,56.436197020981325
Soure,16.21797890557183,99.7361111111111,16.26388888888889,40.76388888888888,40.76388888888888,11.321004130045573,1.0555555555555556,875.6763827853732,277.75000000000006,61.055555555555564
Sousel,16.696885189480252,122.22222222222224,36.20833333333333,82.97222222222221,82.97222222222221,10.894661670260959,2.9722222222222228,587.3236005995008,295.15277777777777,74.43055555555556
Sátão,13.786716410319011,73.2638888888889,12.97222222222222,46.861111111111114,46.861111111111114,8.137537930806477,21.124999999999996,795.5083058675132,279.58333333333337,53.65277777777777
São Brás de Alportel,16.79316571553548,115.70833333333333,22.916666666666668,51.25,51.25,12.000649948120113,0.3958333333333333,549.1187377929688,303.8125,85.89583333333333
São João da Madeira,14.866969720305429,71.27027123489928,8.172519874330932,31.403736138846202,31.403736138846202,9.633421942632838,7.841497603869965,1071.3889361868696,267.9027660939566,47.92291447918774
São João da Pesqueira,13.927797597249347,81.52083333333333,17.145833333333332,54.458333333333336,54.458333333333336,7.934292526245117,27.4375,608.7270685831705,285.8541666666667,53.645833333333336
São Pedro do Sul,14.036973482767742,67.44791666666667,8.90625,38.135416666666664,38.135416666666664,8.577361259460448,16.104166666666668,968.0812459309897,274.5104166666667,49.875
Tabuaço,14.190691477457682,83.16666666666667,18.729166666666668,54.708333333333336,54.708333333333336,8.315660622914633,23.0625,653.5791819254557,283.8541666666667,52.25
Tarouca,13.231318462934532,63.0313567239229,10.139340082308776,39.00246307067872,39.00246307067872,7.745912654310029,27.065193716136648,816.3529282227738,279.53836513590255,53.70805954610545
Tavira,17.238304341634116,126.63095238095237,29.273809523809522,60.73809523809524,60.73809523809524,12.205047120593846,0.35714285714285715,531.4708313714891,304.7619047619048,86.19642857142857
Terras de Bouro,12.698336105346682,42.479166666666664,2.3958333333333335,19.5,19.5,7.613740043640136,26.854166666666668,1247.7374104817711,255.625,41.3125
Tomar,16.34292105356852,108.13541666666667,20.541666666666668,53.322916666666664,53.322916666666664,11.376219546000165,0.7708333333333334,755.2687377929689,284.9583333333333,65.44791666666667
Tondela,14.456857265896266,73.56944444444444,10.625,39.88888888888888,39.88888888888888,9.0620719909668,11.152777777777779,958.955544365777,275.1805555555556,50.5
Torre de Moncorvo,14.873427675035265,100.81944444444444,30.868055555555554,69.76388888888889,69.76388888888889,8.77362653520372,24.423611111111114,529.9909637451173,290.63194444444446,56.361111111111114
Torres Novas,16.560539220174157,110.8125,20.645833333333332,50.6875,50.6875,11.810750757853192,0.3541666666666667,756.625010172526,285.1458333333333,65.75
Torres Vedras,16.64826315985785,105.38194444444444,15.444444444444448,30.41666666666667,30.41666666666667,13.079920544094513,0.08333333333333333,808.356916809082,281.2430555555556,56.47222222222222
Trancoso,13.936374443901911,83.65277777777779,17.902777777777775,54.27777777777778,54.27777777777778,8.124814940558542,25.68055555555556,633.3735892401802,287.22222222222223,57.63888888888889
Trofa,15.281822023611198,73.11046569714146,7.583020048932902,30.560901323610015,30.560901323610015,10.047497787631833,6.882296787704591,1264.0613572543832,255.63861406764315,42.95657803315163
Tábua,15.433494025336373,93.88888888888887,17.805555555555554,55.555555555555564,55.555555555555564,9.869412341647678,6.486111111111111,839.6125155978731,279.12500000000006,56.09722222222223
Vagos,16.045397067599826,91.33333333333331,13.95833333333333,34.958333333333336,34.958333333333336,11.035365481906467,2.180555555555556,984.6916849772138,269.87500000000006,53.111111111111114
Vale de Cambra,13.231199239095055,50.208333333333336,3.9166666666666665,23.75,23.75,8.15374786376953,19.8125,1070.374988301595,271.3541666666667,49.5625
Valença,14.972468490600589,62.1875,6.104166666666667,21.375,21.375,10.18714065551758,2.7916666666666665,1501.1478759765625,235.39583333333334,29.520833333333332
Valongo,15.051903142193119,71.38056208232587,7.702701330302568,31.082981237567342,31.082981237567342,9.7855562388123,8.253805447587022,1184.4463083945163,261.8498215907594,44.82770227230635
Valpaços,14.061576131184895,84.81547619047618,18.166666666666668,56.3095238095238,56.3095238095238,8.085998567853656,29.61309523809523,628.7482164655412,282.67261904761904,53.99404761904763
Vendas Novas,17.076214548746744,122.9375,27.166666666666668,61.645833333333336,61.645833333333336,12.445879542032879,0.125,677.1583079020182,289.9375,72.60416666666667
Viana do Alentejo,17.033598590426973,125.66666666666664,32.354166666666664,78.46527777777779,78.46527777777779,11.685525572035047,0.38888888888888884,602.6895821465386,295.4166666666667,76.7986111111111
Viana do Castelo,14.90944189707438,59.09375,5.229166666666667,22.604166666666668,22.604166666666668,9.998640327453616,6.0,1457.6176676432294,241.20833333333334,34.135416666666664
Vidigueira,17.47529116312663,136.45833333333334,45.6875,96.22916666666667,96.22916666666667,11.304222717285155,2.5,556.7083302815756,296.2708333333333,78.02083333333333
Vieira do Minho,13.56418858846029,55.87499999999999,4.444444444444445,28.27777777777777,28.27777777777777,8.295003467135961,20.555555555555554,1147.6902737087673,261.6388888888889,44.84722222222222
Vila Flor,14.661212209065754,96.83333333333333,26.125,67.0625,67.0625,8.514196446736653,25.041666666666668,554.6874852498373,287.9583333333333,57.604166666666664
Vila Franca de Xira,17.073002357482906,118.04166666666667,20.96875,39.239583333333336,39.239583333333336,13.346879056294759,0.08333333333333333,761.1468836466473,281.5625,57.083333333333336
Vila Nova da Barquinha,16.701384672441613,115.86617102750944,23.538448502482197,57.763206886580086,57.763206886580086,11.748654483937349,0.41273570707832935,721.1804502227889,287.2885463539488,67.14059891008901
Vila Nova de Cerveira,14.73045947784429,55.59934700733401,4.736389278921485,19.083538240883072,19.083538240883072,10.030635287508481,3.7845192875227003,1528.5652849444623,236.2282872683023,30.558825494680686
Vila Nova de Famalicão,15.083499298095697,70.47916666666667,7.083333333333333,31.104166666666668,31.104166666666668,9.801569226582846,8.604166666666666,1292.458288574219,254.95833333333334,42.854166666666664
Vila Nova de Foz Côa,15.019283002217607,101.64583333333333,30.552083333333332,71.39583333333333,71.39583333333333,8.865258960723878,21.635416666666668,537.3614369710286,289.6458333333333,56.541666666666664
Vila Nova de Gaia,15.373318506876627,75.9375,8.833333333333334,30.25,30.25,10.205044034322105,5.375,1123.8833099365236,264.7083333333333,46.375
Vila Nova de Paiva,13.123260061469011,61.34864869379891,8.452564292507388,38.10454576529591,38.10454576529591,7.624016262195311,27.485226689743058,837.0468288288724,278.84268580266644,54.0439079156104
Vila Nova de Poiares,15.719277166355829,95.18196754629584,16.257226826952856,48.362892044030964,48.362892044030964,10.403746990982443,3.2251089611255206,860.2785453247969,277.8646580459381,56.9973547178769
Vila Pouca de Aguiar,12.901048299153645,61.808333333333344,7.608333333333333,37.50833333333333,37.50833333333333,7.500332946777344,33.550000000000004,763.7000219726561,278.57500000000005,52.275000000000006
Vila Real,13.757063128153481,72.91666666666667,12.541666666666666,43.885416666666664,43.885416666666664,8.545764128367106,21.59375,739.9978965759278,280.5208333333333,51.489583333333336
Vila Real de Santo António,17.89175855937169,140.03979023146826,38.678976414446545,67.46416480374667,67.46416480374667,12.726859806133833,0.20373475614790673,505.3899284718297,307.39593099746725,89.74183610659911
Vila Velha de Ródão,16.439806196424694,118.20833333333336,34.166666666666664,78.04166666666667,78.04166666666667,10.66258071899414,4.097222222222221,632.7083204481336,291.9027777777777,72.58333333333334
Vila Verde,14.573139216105146,64.27083333333333,5.833333333333333,28.875,28.875,9.311891937255858,11.291666666666666,1377.6917195638023,248.875,37.6875
Vila Viçosa,16.674399134318033,125.1875,42.229166666666664,91.41666666666667,91.41666666666667,10.453289604187015,6.979166666666667,537.1541575113932,297.9791666666667,74.58333333333333
Vila de Rei,15.795956980387368,101.3125,19.166666666666668,55.75,55.75,10.56533718109131,2.3333333333333335,751.3229314168293,285.25,67.27083333333333
Vila do Bispo,17.552216491699216,125.25,19.75,38.541666666666664,38.541666666666664,13.68157615661621,0.0,583.2250058492025,302.5625,85.91666666666667
Vila do Conde,15.43822909037272,73.04166666666667,7.354166666666667,28.041666666666668,28.041666666666668,10.330959637959799,5.145833333333333,1300.9624888102214,252.35416666666666,41.4375
Vimioso,13.813902698092988,87.09027777777781,20.465277777777775,54.88194444444445,54.88194444444445,7.731755498250325,38.423611111111114,559.9916603936089,284.5069444444445,48.104166666666664
Vinhais,12.896263410780165,68.98148148148148,10.574074074074074,42.49074074074074,42.49074074074074,6.93181728221752,45.41666666666668,709.168509250217,274.9305555555556,42.62500000000001
Viseu,14.494940210978191,78.59027777777777,13.368055555555557,48.75694444444443,48.75694444444443,8.831780976189508,13.284722222222223,896.8368075900607,276.43750000000006,50.98611111111111
Vizela,14.652001864243777,68.64952614672788,7.402988652692502,34.18677143059142,34.18677143059142,9.288793428586827,12.125332270573816,1159.5820122124003,264.0848897284391,45.67179985676851
Vouzela,13.76063288370768,60.916666666666664,6.666666666666667,31.083333333333332,31.083333333333332,8.527770322163901,15.8125,1012.556215922038,274.1458333333333,49.75
Águeda,15.662845645480687,88.81944444444444,14.069444444444443,39.69444444444445,39.69444444444445,10.338098712497288,4.861111111111112,965.6819376627601,272.1388888888889,52.916666666666664
Évora,16.850433842585637,124.67628205128203,35.07692307692307,84.46794871794873,84.46794871794873,11.081661030695988,1.8108974358974355,584.3634527744392,295.72435897435906,76.0224358974359
Ílhavo,16.02654979650283,90.97567337620741,13.890461304295322,34.67199555086895,34.67199555086895,10.978477895069402,2.3744141470660236,993.8548411484066,269.2489021113152,51.76166489100066
Óbidos,16.589923553466793,103.70833333333333,15.208333333333334,31.041666666666668,31.041666666666668,12.768566385904949,0.10416666666666667,822.3208562215171,281.4583333333333,59.395833333333336
