Municipality,1995,1996,1997,1998,1999,2000,2001,2002,2003,2004,2005,2006,2007,2008,2009,2010,2011,2012,2013,2014
Alcácer do Sal,0.0,0.0,0.0,0.0,0.0,0.0,0.0,0.0,0.0,0.0,0.0,0.0,0.0,0.0,0.016671791875518926,0.01710830591346597,0.011084596697315414,0.009912205172360774,0.0,0.0
Grândola,0.0,0.0,0.0,0.0,0.0,0.0,0.0,0.0,0.0,0.0,0.0,0.0,0.0,0.0,0.003036213863848306,0.0025819863226608643,0.000711066210755362,0.0017535747590923221,0.0,0.0
Odemira,0.0,0.001037344398340249,0.0033561142299243347,0.008298755186721992,0.007230900659018795,0.016902611667073467,0.02215035391750061,0.02581156944105443,0.05101293629484989,0.026757383451305832,0.013882108860141566,0.014095679765682207,0.02071637783744203,0.02681840371003173,0.00010525994630217233,0.005417988772272395,0.0024865755430803025,0.004956370515010983,0.0,0.0
Santiago do Cacém,0.0,0.0,0.0,0.0,0.0,0.0,0.0,0.0,0.0,0.0,0.0,0.0,0.0,0.0,0.0030063957414690344,0.0031835696976919717,0.0,0.0024001906804910025,0.0,0.0
Sines,0.0,0.0,0.0,0.0,0.0,0.0,0.0,0.0,0.0,0.0,0.0,0.0,0.0,0.0,0.0,0.0,0.0,0.0,0.0,0.0
Alter do Chão,0.0,0.00286122065219597,0.0012513612781471738,0.003050615872672299,0.0038217249846116377,0.0025162507863283707,0.004389910646040625,0.0037811402945095674,0.003950243169934861,0.0027259383518557345,0.0020224703900865136,0.0027394665818897585,0.0031791340579955217,0.003842017329662673,0.012280293538571683,0.011559572817850963,0.002175287870652109,0.004213352425272955,0.0,0.0
Arronches,0.0,0.0028612206521959694,0.0012513612781471736,0.0030506158726722986,0.0038217249846116377,0.00251625078632837,0.004389910646040624,0.003781140294509568,0.003950243169934861,0.0027259383518557358,0.002022470390086513,0.002739466581889758,0.003179134057995522,0.0038420173296626727,0.009531490015360983,0.07134984639016898,0.03623271889400921,0.07285906298003073,0.0,0.0
Avis,0.0,0.0028612206521959694,0.0012513612781471738,0.003050615872672299,0.0038217249846116386,0.0025162507863283707,0.004389910646040626,0.0037811402945095683,0.003950243169934861,0.0027259383518557345,0.002022470390086513,0.002739466581889759,0.003179134057995522,0.0038420173296626735,0.051295852438516046,0.022782409337223843,0.011087953313880784,0.012527615673197165,0.0,0.0
Campo Maior,0.0,0.00286122065219597,0.0012513612781471738,0.003050615872672299,0.003821724984611638,0.0025162507863283707,0.004389910646040627,0.003781140294509568,0.003950243169934864,0.002725938351855735,0.0020224703900865127,0.0027394665818897585,0.003179134057995522,0.0038420173296626735,0.01921953094963475,0.06674740484429066,0.0102960399846213,0.039600153787004995,0.0,0.0
Castelo de Vide,0.0,0.00286122065219597,0.0012513612781471738,0.003050615872672299,0.003821724984611639,0.0025162507863283707,0.004389910646040626,0.003781140294509568,0.003950243169934861,0.002725938351855735,0.0020224703900865136,0.0027394665818897585,0.0031791340579955217,0.0038420173296626735,0.004781197247110765,0.0,0.011150499935073367,0.002101675107128944,0.0,0.0
Crato,0.0,0.00286122065219597,0.0012513612781471738,0.0030506158726722986,0.0038217249846116386,0.0025162507863283703,0.004389910646040626,0.003781140294509568,0.003950243169934861,0.002725938351855735,0.002022470390086513,0.0027394665818897585,0.0031791340579955226,0.0038420173296626735,0.014564251631656887,0.021244995338123185,0.026175067185871773,0.006133384522568969,0.0,0.0
Elvas,0.0,0.003226010500347903,0.0018343981276488076,0.025681573787083307,0.019798848757037132,0.002087418559048643,0.015624011638939844,0.012018470491492189,0.04427857549497122,0.05522170915301411,0.024100196090834334,0.011006388765892846,0.0306154721993801,0.019103042570687585,0.03687456512113353,0.03186412802833829,0.019254222278448984,0.012933771902081094,0.0,0.0
Fronteira,0.0,0.00286122065219597,0.0012513612781471738,0.0030506158726722995,0.0038217249846116377,0.002516250786328371,0.004389910646040625,0.0037811402945095674,0.003950243169934862,0.0027259383518557345,0.002022470390086513,0.002739466581889759,0.003179134057995522,0.003842017329662673,0.02645112325440194,0.025561627200971465,0.019582574377656342,0.020857619914996968,0.0,0.0
Gavião,0.0,0.0028612206521959702,0.0012513612781471738,0.003050615872672299,0.0038217249846116386,0.002516250786328371,0.004389910646040626,0.0037811402945095683,0.0039502431699348604,0.0027259383518557353,0.002022470390086513,0.0027394665818897585,0.003179134057995522,0.003842017329662674,0.0,0.0,0.0,0.07830093312597201,0.0,0.0
Marvão,0.0,0.00286122065219597,0.0012513612781471736,0.0030506158726722995,0.0038217249846116373,0.0025162507863283707,0.004389910646040626,0.003781140294509567,0.0039502431699348604,0.0027259383518557353,0.002022470390086513,0.0027394665818897585,0.0031791340579955226,0.003842017329662673,0.0,0.0,0.0,0.0030422820735592237,0.0,0.0
Monforte,0.0,0.00286122065219597,0.001251361278147174,0.003050615872672299,0.0038217249846116386,0.0025162507863283703,0.004389910646040625,0.003781140294509568,0.003950243169934861,0.002725938351855735,0.002022470390086513,0.002739466581889759,0.0031791340579955226,0.003842017329662674,0.017981739241476183,0.02321351040735538,0.028551909079300216,0.028751755842165747,0.0,0.0
Mora,0.0,0.0006204164744436138,0.0007529840971879756,0.0017923142595037726,0.0022218333571955053,0.0031338986016767154,0.0014317303256391083,0.0040141476166992785,0.006686710891225614,0.007068505644729377,0.0020203305706240756,0.001744589915315803,0.002211227947375957,0.0006840489333609074,0.004908072279649649,0.014737631184407797,0.012075278150398485,0.0007575159788526789,0.0,0.0
Nisa,0.0,0.0028612206521959707,0.0012513612781471736,0.003050615872672299,0.003821724984611638,0.0025162507863283707,0.004389910646040625,0.0037811402945095683,0.003950243169934861,0.002725938351855735,0.002022470390086513,0.0027394665818897585,0.003179134057995522,0.0038420173296626735,0.0035852406010270714,0.01082926520002536,0.011534267419007165,0.0025353452101692766,0.0,0.0
Ponte de Sor,0.0,0.0019610801025795746,0.0003922160205159149,0.008598581988233519,0.007633127168502036,0.0060944335495549855,0.01879619852164731,0.009533866344848393,0.02808870116156283,0.030019610801025796,0.01635239100920199,0.006999547443053251,0.028450746718962135,0.0019309096394629658,0.0023502790767838287,0.0037589379996982955,0.0034116759692261276,0.0026604314376225675,0.0,0.0
Portalegre,0.0,0.00286122065219597,0.0012513612781471738,0.003050615872672299,0.003821724984611638,0.0025162507863283707,0.004389910646040626,0.0037811402945095674,0.003950243169934861,0.0027259383518557353,0.002022470390086513,0.0027394665818897585,0.0031791340579955217,0.0038420173296626735,0.009545917213300158,0.01763684686722461,0.011861004297670211,0.010394141596923773,0.0,0.0
Alandroal,0.0,0.0006204164744436137,0.0007529840971879757,0.001792314259503773,0.0022218333571955053,0.0031338986016767145,0.0014317303256391085,0.0040141476166992785,0.006686710891225615,0.007068505644729377,0.002020330570624075,0.001744589915315803,0.0022112279473759564,0.0006840489333609074,0.016271159626641354,0.04406423034330011,0.013269261192849232,0.07395269735801298,0.0,0.0
Arraiolos,0.0,0.0006204164744436135,0.0007529840971879754,0.0017923142595037724,0.0022218333571955057,0.0031338986016767154,0.0014317303256391083,0.0040141476166992785,0.0066867108912256135,0.007068505644729375,0.002020330570624075,0.0017445899153158025,0.002211227947375957,0.0006840489333609074,0.01523584441161989,0.03834515017232889,0.02178581979320532,0.04440275726243229,0.0,0.0
Borba,0.0,0.0006204164744436137,0.0007529840971879756,0.0017923142595037724,0.0022218333571955053,0.003133898601676715,0.0014317303256391085,0.0040141476166992785,0.0066867108912256135,0.007068505644729376,0.0020203305706240756,0.001744589915315802,0.002211227947375956,0.0006840489333609074,0.0,0.0,0.040138297872340425,0.023382978723404255,0.0,0.0
Estremoz,0.0,0.018514831773840335,0.020439312495852412,0.0300617161059128,0.03503882142146128,0.01758577211493795,0.016192182626584378,0.017851217731767205,0.03789236180237574,0.030858052956400556,0.022098347601035236,0.014798593138230806,0.019642975645364658,0.015329484371889308,0.011566129139292588,0.015182162054549074,0.010743911341163979,0.02510916450992103,0.0,0.0
Évora,0.0,0.0006204164744436138,0.0007529840971879756,0.001792314259503773,0.0022218333571955066,0.0031338986016767154,0.0014317303256391085,0.004014147616699279,0.006686710891225615,0.007068505644729378,0.0020203305706240756,0.0017445899153158027,0.002211227947375957,0.0006840489333609075,0.02944565536320577,0.02746699082030431,0.021255606320995934,0.03688225677998071,0.0,0.0
Montemor-o-Novo,0.0,0.005054860811652532,0.007067222461789085,0.011379425997795985,0.00860045038570265,0.009702457956015523,0.007929663168990466,0.015284365866513343,0.021345407503234153,0.06041876287671889,0.04166067749508888,0.0474342388960759,0.038234871352594506,0.016793637104115758,0.01725480331560538,0.03342412917445259,0.021465430501653015,0.04337166403143116,0.0,0.0
Mourão,0.0,0.0006204164744436137,0.0007529840971879758,0.001792314259503773,0.0022218333571955057,0.003133898601676715,0.001431730325639108,0.0040141476166992785,0.006686710891225614,0.007068505644729377,0.002020330570624075,0.0017445899153158023,0.002211227947375957,0.0006840489333609075,0.00803146100764265,0.006632039771462491,0.0,0.00589003487423017,0.0,0.0
Portel,0.0,0.0006204164744436133,0.0007529840971879755,0.0017923142595037726,0.0022218333571955053,0.0031338986016767154,0.0014317303256391083,0.004014147616699278,0.006686710891225615,0.007068505644729377,0.002020330570624075,0.0017445899153158025,0.002211227947375956,0.0006840489333609075,0.011292949031102426,0.012399039244422733,0.010225126200944472,0.002156814851001466,0.0,0.0
Redondo,0.0,0.0006204164744436139,0.0007529840971879756,0.001792314259503773,0.0022218333571955053,0.003133898601676716,0.0014317303256391085,0.0040141476166992785,0.006686710891225614,0.007068505644729377,0.0020203305706240748,0.0017445899153158027,0.002211227947375957,0.0006840489333609075,0.01946242310778283,0.022114647410180977,0.008997058036908265,0.014861371133101544,0.0,0.0
Reguengos de Monsaraz,0.0,0.0006204164744436137,0.0007529840971879756,0.0017923142595037734,0.002221833357195505,0.0031338986016767154,0.001431730325639109,0.004014147616699278,0.006686710891225613,0.007068505644729377,0.0020203305706240748,0.001744589915315803,0.0022112279473759564,0.0006840489333609074,0.0,0.0018397982466674674,0.005640686922060766,0.016800768584123934,0.0,0.0
Sousel,0.0,0.0028612206521959694,0.0012513612781471736,0.0030506158726722977,0.0038217249846116373,0.0025162507863283694,0.004389910646040624,0.0037811402945095683,0.003950243169934862,0.0027259383518557353,0.002022470390086513,0.0027394665818897585,0.0031791340579955226,0.0038420173296626727,0.03419250523112041,0.02190032337835267,0.0191401940270116,0.03161308731215522,0.0,0.0
Vendas Novas,0.0,0.0006204164744436137,0.0007529840971879756,0.001792314259503773,0.0022218333571955053,0.003133898601676716,0.0014317303256391088,0.0040141476166992785,0.006686710891225614,0.007068505644729377,0.002020330570624075,0.001744589915315803,0.002211227947375957,0.0006840489333609074,0.0007895148669796557,0.0,0.0,0.0,0.0,0.0
Viana do Alentejo,0.0,0.0006204164744436135,0.0007529840971879753,0.0017923142595037728,0.0022218333571955053,0.0031338986016767145,0.0014317303256391088,0.004014147616699278,0.0066867108912256135,0.007068505644729374,0.002020330570624075,0.0017445899153158025,0.0022112279473759564,0.0006840489333609073,0.014427062574730967,0.013752989238740538,0.002945396572339577,0.011050219210840973,0.0,0.0
Vila Viçosa,0.0,0.0006204164744436137,0.0007529840971879757,0.001792314259503773,0.0022218333571955057,0.003133898601676716,0.0014317303256391088,0.0040141476166992785,0.006686710891225614,0.007068505644729377,0.002020330570624075,0.0017445899153158027,0.0022112279473759564,0.0006840489333609075,0.0,0.0030592190328419962,0.0,0.0034548745797776054,0.0,0.0
Aljustrel,0.0,8.741736327378027e-05,0.00044255040157351256,0.0008632464623285801,0.0020488444517292245,0.0026061301425995744,0.00215811615582145,0.0038026553024094415,0.007971370813527837,0.009058624269245478,0.003911927006501666,0.004458285526962793,0.005337922744905209,0.0007375840026225209,0.0,0.041226864093072454,0.0,0.0,0.0,0.0
Almodôvar,0.0,8.741736327378026e-05,0.00044255040157351256,0.0008632464623285798,0.002048844451729225,0.0026061301425995744,0.00215811615582145,0.003802655302409441,0.007971370813527837,0.009058624269245481,0.003911927006501666,0.004458285526962793,0.005337922744905207,0.0007375840026225209,0.0,0.0,0.0,0.0,0.0,0.0
Alvito,0.0,8.741736327378026e-05,0.0004425504015735126,0.0008632464623285801,0.0020488444517292254,0.002606130142599574,0.00215811615582145,0.003802655302409441,0.007971370813527837,0.00905862426924548,0.0039119270065016655,0.004458285526962792,0.005337922744905206,0.0007375840026225209,0.015334648906429863,0.0466518664693307,0.015385627363920408,0.014658773228087486,0.0,0.0
Barrancos,0.0,8.741736327378026e-05,0.00044255040157351256,0.0008632464623285803,0.0020488444517292245,0.002606130142599574,0.00215811615582145,0.0038026553024094415,0.007971370813527837,0.009058624269245476,0.003911927006501666,0.004458285526962792,0.005337922744905207,0.0007375840026225209,0.0037399951491632307,0.0010647586708707251,0.0,0.0015522677661896677,0.0,0.0
Beja,0.0,8.741736327378025e-05,0.00044255040157351256,0.0008632464623285802,0.002048844451729224,0.0026061301425995735,0.00215811615582145,0.003802655302409441,0.007971370813527836,0.009058624269245481,0.003911927006501666,0.004458285526962793,0.005337922744905207,0.0007375840026225208,0.020187936578334627,0.044407916620467905,0.007554052555715711,0.01989577558487637,0.0,0.0
Castro Verde,0.0,8.741736327378025e-05,0.0004425504015735126,0.00086324646232858,0.0020488444517292254,0.002606130142599573,0.0021581161558214498,0.00380265530240944,0.007971370813527836,0.00905862426924548,0.003911927006501666,0.004458285526962793,0.005337922744905207,0.0007375840026225208,0.012286423254165188,0.021281460475008864,0.0,0.008637008153137185,0.0,0.0
Cuba,0.0,8.741736327378026e-05,0.00044255040157351267,0.0008632464623285802,0.0020488444517292245,0.002606130142599574,0.00215811615582145,0.003802655302409441,0.007971370813527839,0.009058624269245478,0.0039119270065016655,0.004458285526962795,0.005337922744905206,0.0007375840026225209,0.0,0.0,0.0,0.0,0.0,0.0
Ferreira do Alentejo,0.0,0.007764609726195341,0.013690232938291786,0.01726604004903964,0.0002043318348998774,0.0016346546791990192,0.017776869636289334,0.03729055986922763,0.016244380874540252,0.023089497343686146,0.02462198610543523,0.016959542296689823,0.046587658357172046,0.048835308541070696,0.0270024519820188,0.03706375153248876,0.013167143440948098,0.029456477319166327,0.0,0.0
Mértola,0.0,8.741736327378026e-05,0.00044255040157351245,0.0008632464623285798,0.0020488444517292245,0.0026061301425995735,0.0021581161558214498,0.0038026553024094398,0.007971370813527837,0.009058624269245478,0.003911927006501666,0.004458285526962792,0.005337922744905207,0.0007375840026225208,0.00022816747607689878,0.0016885542688008278,0.00832150349147964,0.0008824966234661916,0.0,0.0
Moura,0.0,8.741736327378026e-05,0.0004425504015735124,0.0008632464623285801,0.0020488444517292245,0.0026061301425995735,0.0021581161558214498,0.003802655302409441,0.007971370813527839,0.00905862426924548,0.003911927006501666,0.004458285526962792,0.005337922744905206,0.0007375840026225208,0.013411193861430824,0.025697735650342283,0.007934627247423456,0.006466937485894832,0.0,0.0
Ourique,0.0,8.741736327378025e-05,0.00044255040157351267,0.0008632464623285798,0.0020488444517292245,0.0026061301425995735,0.00215811615582145,0.003802655302409441,0.007971370813527836,0.009058624269245481,0.003911927006501667,0.004458285526962791,0.005337922744905205,0.000737584002622521,0.0010647284904296206,0.0011058259446706496,0.0,0.0037847711100117967,0.0,0.0
Serpa,0.0,8.741736327378029e-05,0.00044255040157351256,0.0008632464623285802,0.002048844451729225,0.002606130142599574,0.0021581161558214506,0.0038026553024094415,0.007971370813527839,0.009058624269245481,0.003911927006501666,0.004458285526962793,0.005337922744905209,0.000737584002622521,0.02471969887076537,0.030207277289836888,0.01239749058971142,0.00728883312421581,0.0,0.0
Vidigueira,0.0,8.741736327378026e-05,0.0004425504015735125,0.00086324646232858,0.0020488444517292245,0.0026061301425995735,0.00215811615582145,0.0038026553024094415,0.007971370813527837,0.00905862426924548,0.003911927006501666,0.004458285526962793,0.005337922744905207,0.0007375840026225209,0.0,0.0,0.0,0.008186818999259495,0.0,0.0
Mação,0.0,0.0013211222821827625,0.000515013771020399,0.002642244564365526,0.000559797577196086,0.0013211222821827625,0.0027765959828925857,0.0003134866432298081,0.001030027542040798,0.008979153138225218,0.007904341790008734,0.007411719922076177,0.0009180680266015809,0.0020824469871694395,0.0,0.0,0.0,0.0,0.0,0.0
Oleiros,0.0,0.0004162900233122413,0.001165612065274276,0.001129930063276084,0.001510538084590133,0.0018078881012417339,0.002699938151196537,0.004365098244445502,0.008004662448261098,0.009979066558827727,0.009705504543508254,0.006137304343689044,0.0063870783576763885,0.006280032351681812,0.0,0.0,0.0,0.0,0.0,0.0
Proença-a-Nova,0.0,0.0004162900233122414,0.0011656120652742757,0.0011299300632760835,0.0015105380845901331,0.0018078881012417334,0.002699938151196536,0.004365098244445501,0.008004662448261098,0.009979066558827727,0.009705504543508254,0.006137304343689043,0.006387078357676389,0.006280032351681813,0.0,0.0,0.0,0.0,0.0,0.0
Sertã,0.0,0.0004162900233122413,0.0011656120652742755,0.0011299300632760837,0.0015105380845901327,0.0018078881012417339,0.0026999381511965364,0.004365098244445502,0.008004662448261096,0.009979066558827725,0.009705504543508254,0.006137304343689044,0.006387078357676389,0.006280032351681813,0.0,0.0,0.0,0.0,0.0,0.0
Vila de Rei,0.0,0.00041629002331224145,0.0011656120652742757,0.0011299300632760835,0.0015105380845901325,0.0018078881012417336,0.0026999381511965364,0.0043650982444455024,0.008004662448261098,0.009979066558827725,0.009705504543508254,0.006137304343689043,0.0063870783576763885,0.006280032351681811,0.0,0.0,0.0,0.0,0.0,0.0
Fornos de Algodres,0.0,0.00019873252809857127,0.0008059708083997616,0.0014904939607392844,0.001413209088700952,0.0003864243601916665,0.000176651136087619,0.001015744032503809,0.0011040696005476186,0.0015677788327776183,0.001192395168591428,0.0013138428246516661,0.0014794532647338084,0.0024620752092211888,0.0,0.0,0.0,0.0,0.0,0.0
Gouveia,0.0,0.00019873252809857132,0.0008059708083997618,0.001490493960739285,0.0014132090887009519,0.0003864243601916665,0.00017665113608761898,0.001015744032503809,0.0011040696005476189,0.0015677788327776183,0.001192395168591428,0.001313842824651666,0.001479453264733809,0.0024620752092211896,0.0,0.0,0.0,0.0,0.0,0.0
Seia,0.0,0.00019873252809857135,0.0008059708083997614,0.001490493960739285,0.001413209088700952,0.0003864243601916665,0.00017665113608761898,0.0010157440325038087,0.001104069600547618,0.001567778832777618,0.0011923951685914283,0.0013138428246516661,0.0014794532647338086,0.0024620752092211888,0.0,0.0,0.0,0.0,0.0,0.0
Almeida,0.0,0.00019873252809857135,0.0008059708083997618,0.0014904939607392846,0.0014132090887009517,0.00038642436019166644,0.00017665113608761898,0.001015744032503809,0.0011040696005476184,0.0015677788327776185,0.0011923951685914279,0.0013138428246516664,0.001479453264733809,0.002462075209221189,0.0009805898663977817,0.0015086967481724224,0.0,0.0,0.0,0.0
Celorico da Beira,0.0,0.00019873252809857132,0.0008059708083997613,0.001490493960739285,0.0014132090887009517,0.0003864243601916665,0.00017665113608761896,0.001015744032503809,0.0011040696005476184,0.0015677788327776183,0.001192395168591428,0.001313842824651666,0.0014794532647338088,0.0024620752092211896,0.0,0.0,0.0,0.0,0.0,0.0
Figueira de Castelo Rodrigo,0.0,0.00019873252809857138,0.0008059708083997616,0.0014904939607392855,0.0014132090887009514,0.00038642436019166654,0.00017665113608761893,0.001015744032503809,0.0011040696005476186,0.0015677788327776185,0.001192395168591428,0.0013138428246516661,0.0014794532647338088,0.0024620752092211896,0.0,0.0,0.0,0.0,0.0,0.0
Guarda,0.0,0.00019873252809857132,0.0008059708083997614,0.0014904939607392849,0.0014132090887009514,0.0003864243601916665,0.00017665113608761896,0.001015744032503809,0.0011040696005476186,0.0015677788327776187,0.0011923951685914283,0.0013138428246516664,0.001479453264733809,0.0024620752092211896,0.003072874493927126,0.0011449392712550607,0.0014226720647773279,0.0022380566801619432,0.0,0.0
Manteigas,0.0,0.00019873252809857135,0.0008059708083997616,0.001490493960739285,0.0014132090887009517,0.0003864243601916665,0.000176651136087619,0.0010157440325038092,0.0011040696005476184,0.0015677788327776185,0.001192395168591428,0.0013138428246516666,0.0014794532647338088,0.00246207520922119,0.0,0.0,0.0,0.0,0.0,0.0
Meda,0.0,0.00019873252809857135,0.0008059708083997614,0.001490493960739285,0.0014132090887009517,0.0003864243601916665,0.00017665113608761898,0.001015744032503809,0.0011040696005476184,0.0015677788327776185,0.0011923951685914279,0.001313842824651666,0.001479453264733809,0.002462075209221189,0.0,0.0,0.0,0.0,0.0,0.0
Pinhel,0.0,0.00019873252809857138,0.0008059708083997617,0.0014904939607392846,0.001413209088700952,0.0003864243601916665,0.00017665113608761896,0.0010157440325038096,0.0011040696005476182,0.001567778832777618,0.0011923951685914279,0.0013138428246516664,0.0014794532647338086,0.0024620752092211896,0.0003193475483934362,0.0,0.0,0.0,0.0,0.0
Sabugal,0.0,0.00019873252809857132,0.0008059708083997613,0.001490493960739285,0.0014132090887009514,0.0003864243601916665,0.00017665113608761896,0.0010157440325038092,0.0011040696005476184,0.001567778832777618,0.0011923951685914283,0.001313842824651666,0.0014794532647338088,0.002462075209221189,0.001296582138919515,0.001697353914002205,0.0006345093715545755,0.0015937155457552373,0.0,0.0
Trancoso,0.0,0.0001987325280985714,0.0008059708083997616,0.0014904939607392849,0.0014132090887009517,0.0003864243601916665,0.00017665113608761896,0.001015744032503809,0.0011040696005476186,0.0015677788327776183,0.0011923951685914279,0.001313842824651666,0.0014794532647338088,0.0024620752092211896,0.0,0.0,0.0,0.0,0.0,0.0
Castelo Branco,0.0,0.00041629002331224134,0.0011656120652742757,0.0011299300632760835,0.0015105380845901325,0.0018078881012417339,0.0026999381511965364,0.004365098244445502,0.008004662448261094,0.009979066558827729,0.009705504543508256,0.006137304343689044,0.006387078357676391,0.006280032351681813,0.015570878481239366,0.005955046118026328,0.003442733052744695,0.009402256649055252,0.0,0.0
Idanha-a-Nova,0.0,0.00041629002331224134,0.0011656120652742757,0.0011299300632760837,0.001510538084590133,0.0018078881012417336,0.0026999381511965364,0.0043650982444455024,0.008004662448261098,0.009979066558827727,0.009705504543508256,0.006137304343689044,0.0063870783576763885,0.006280032351681812,0.019186088128171117,0.007465420324638414,0.011352449525253166,0.020965072948904186,0.0,0.0
Penamacor,0.0,0.0004162900233122412,0.0011656120652742755,0.0011299300632760835,0.0015105380845901327,0.0018078881012417336,0.002699938151196537,0.004365098244445502,0.008004662448261098,0.009979066558827727,0.009705504543508253,0.006137304343689042,0.006387078357676388,0.006280032351681812,0.0,0.011821974965229486,0.0020882177627657462,0.0034929465527518376,0.0,0.0
Vila Velha de Ródão,0.0,0.00041629002331224134,0.0011656120652742755,0.0011299300632760835,0.001510538084590133,0.0018078881012417334,0.0026999381511965364,0.004365098244445502,0.008004662448261096,0.009979066558827725,0.009705504543508254,0.006137304343689042,0.006387078357676388,0.006280032351681812,0.0,0.006657534246575341,0.0,0.0,0.0,0.0
Belmonte,0.0,0.0004162900233122413,0.0011656120652742755,0.001129930063276084,0.0015105380845901327,0.001807888101241734,0.0026999381511965364,0.004365098244445502,0.008004662448261096,0.009979066558827724,0.009705504543508254,0.006137304343689043,0.006387078357676388,0.006280032351681812,0.0,0.0,0.0034473909324208725,0.015697177074422586,0.0,0.0
Covilhã,0.0,0.00041629002331224134,0.0011656120652742757,0.0011299300632760835,0.0015105380845901327,0.0018078881012417336,0.0026999381511965364,0.0043650982444455,0.008004662448261096,0.009979066558827727,0.009705504543508256,0.006137304343689042,0.006387078357676386,0.006280032351681811,0.003815126050420168,0.006936974789915967,0.0,0.0,0.0,0.0
Fundão,0.0,0.00041629002331224123,0.0011656120652742757,0.0011299300632760835,0.0015105380845901327,0.0018078881012417334,0.0026999381511965377,0.004365098244445501,0.008004662448261098,0.009979066558827727,0.009705504543508254,0.006137304343689043,0.006387078357676388,0.006280032351681811,0.02239422084623323,0.04646800825593395,0.008152734778121775,0.0,0.0,0.0
Águeda,0.0,0.0,0.001504136375031336,0.0012534469791927805,0.0,0.0007520681875156681,0.0,0.002506893958385561,0.007520681875156681,0.009275507646026573,0.00877412885434946,0.009024818250188017,0.03459513662572074,0.012534469791927804,0.0,0.0,0.0,0.0,0.0,0.0
Albergaria-a-Velha,0.0,0.0,0.0015041363750313362,0.0012534469791927803,0.0,0.0007520681875156682,0.0,0.0025068939583855598,0.007520681875156681,0.009275507646026575,0.008774128854349464,0.009024818250188017,0.03459513662572074,0.012534469791927802,0.0,0.0,0.0,0.0,0.0,0.0
Anadia,0.0,0.0,0.001504136375031336,0.0012534469791927799,0.0,0.0007520681875156681,0.0,0.0025068939583855598,0.007520681875156681,0.009275507646026573,0.008774128854349462,0.009024818250188017,0.034595136625720724,0.0125344697919278,0.0,0.0,0.0,0.0,0.0,0.0
Aveiro,0.0,0.0,0.0015041363750313362,0.00125344697919278,0.0,0.0007520681875156681,0.0,0.0025068939583855593,0.007520681875156681,0.009275507646026573,0.008774128854349462,0.009024818250188018,0.034595136625720745,0.012534469791927799,0.0,0.0,0.0,0.0,0.0,0.0
Estarreja,0.0,0.0,0.001504136375031336,0.00125344697919278,0.0,0.0007520681875156682,0.0,0.0025068939583855593,0.007520681875156681,0.009275507646026573,0.00877412885434946,0.009024818250188017,0.03459513662572074,0.0125344697919278,0.0,0.0,0.0,0.0,0.0,0.0
Ílhavo,0.0,0.0,0.0015041363750313362,0.0012534469791927803,0.0,0.0007520681875156683,0.0,0.0025068939583855606,0.00752068187515668,0.009275507646026573,0.00877412885434946,0.009024818250188017,0.03459513662572073,0.012534469791927802,0.0,0.0,0.0,0.0,0.0,0.0
Mealhada,0.0,0.0,0.001504136375031336,0.0012534469791927799,0.0,0.000752068187515668,0.0,0.002506893958385561,0.007520681875156681,0.009275507646026577,0.008774128854349462,0.009024818250188015,0.03459513662572073,0.0125344697919278,0.0,0.0,0.0,0.0,0.0,0.0
Murtosa,0.0,0.0,0.0015041363750313364,0.00125344697919278,0.0,0.0007520681875156681,0.0,0.00250689395838556,0.007520681875156681,0.009275507646026573,0.008774128854349462,0.009024818250188017,0.03459513662572074,0.0125344697919278,0.0,0.0,0.0,0.0,0.0,0.0
Oliveira do Bairro,0.0,0.0,0.0015041363750313364,0.0012534469791927805,0.0,0.0007520681875156681,0.0,0.00250689395838556,0.007520681875156681,0.009275507646026577,0.008774128854349464,0.009024818250188017,0.03459513662572073,0.012534469791927804,0.0,0.0,0.0,0.0,0.0,0.0
Ovar,0.0,0.0,0.001504136375031336,0.00125344697919278,0.0,0.000752068187515668,0.0,0.0025068939583855606,0.00752068187515668,0.009275507646026573,0.00877412885434946,0.00902481825018802,0.03459513662572074,0.012534469791927799,0.0,0.0,0.0,0.0,0.0,0.0
Sever do Vouga,0.0,0.0,0.001504136375031336,0.00125344697919278,0.0,0.0007520681875156681,0.0,0.00250689395838556,0.00752068187515668,0.009275507646026571,0.00877412885434946,0.009024818250188017,0.03459513662572073,0.0125344697919278,0.0,0.0,0.0,0.0,0.0,0.0
Vagos,0.0,0.0,0.001504136375031336,0.00125344697919278,0.0,0.0007520681875156682,0.0,0.00250689395838556,0.007520681875156683,0.009275507646026573,0.008774128854349462,0.009024818250188018,0.03459513662572073,0.0125344697919278,0.0,0.0,0.0,0.0,0.0,0.0
Cantanhede,0.0,0.0020080321285140565,0.0010040160642570282,0.0,0.0006024096385542169,0.0018072289156626507,0.003614457831325302,0.0008032128514056224,0.010642570281124497,0.0048192771084337345,0.002811244979919677,0.002811244979919677,0.007228915662650603,0.00602409638554217,0.0,0.0,0.0,0.0,0.0,0.0
Coimbra,0.0,0.002008032128514056,0.001004016064257028,0.0,0.000602409638554217,0.0018072289156626507,0.0036144578313253017,0.0008032128514056225,0.010642570281124497,0.004819277108433737,0.002811244979919679,0.002811244979919679,0.0072289156626506035,0.006024096385542171,0.0,0.0,0.0,0.0,0.0,0.0
Condeixa-a-Nova,0.0,0.002008032128514056,0.001004016064257028,0.0,0.0006024096385542168,0.0018072289156626507,0.0036144578313253,0.0008032128514056226,0.010642570281124497,0.0048192771084337345,0.002811244979919679,0.002811244979919679,0.0072289156626506035,0.006024096385542169,0.0,0.0,0.0,0.0,0.0,0.0
Figueira da Foz,0.0,0.002008032128514056,0.001004016064257028,0.0,0.0006024096385542169,0.0018072289156626507,0.0036144578313253013,0.0008032128514056225,0.0106425702811245,0.004819277108433735,0.0028112449799196785,0.0028112449799196785,0.007228915662650603,0.006024096385542168,0.0,0.0,0.0,0.0,0.0,0.0
Mira,0.0,0.0020080321285140565,0.0010040160642570282,0.0,0.0006024096385542169,0.0018072289156626507,0.0036144578313253,0.0008032128514056223,0.010642570281124496,0.0048192771084337345,0.0028112449799196785,0.0028112449799196785,0.0072289156626506035,0.006024096385542169,0.0,0.0,0.0,0.0,0.0,0.0
Montemor-o-Velho,0.0,0.002008032128514056,0.001004016064257028,0.0,0.0006024096385542171,0.0018072289156626502,0.0036144578313253013,0.0008032128514056223,0.010642570281124497,0.004819277108433735,0.002811244979919679,0.002811244979919679,0.0072289156626506,0.006024096385542172,0.0,0.0,0.0,0.0,0.0,0.0
Penacova,0.0,0.0020080321285140565,0.0010040160642570282,0.0,0.0006024096385542169,0.0018072289156626509,0.0036144578313253017,0.0008032128514056225,0.010642570281124501,0.004819277108433735,0.002811244979919678,0.002811244979919678,0.0072289156626506035,0.00602409638554217,0.0,0.0,0.0,0.0,0.0,0.0
Soure,0.0,0.0020080321285140556,0.001004016064257028,0.0,0.0006024096385542168,0.0018072289156626498,0.003614457831325301,0.0008032128514056224,0.010642570281124497,0.004819277108433735,0.0028112449799196785,0.0028112449799196785,0.007228915662650602,0.006024096385542169,0.0,0.0,0.0,0.0,0.0,0.0
Batalha,0.0,0.0,0.0004893564962074872,0.0007340347443112307,0.0,0.002691460729141178,0.0019574259848299485,0.005627599706386102,0.012723268901394665,0.007340347443112306,0.0017127477367262051,0.004404208465867384,0.004159530217763641,0.0007340347443112307,0.0,0.0,0.0,0.0,0.0,0.0
Leiria,0.0,0.0,0.000489356496207487,0.0007340347443112305,0.0,0.002691460729141179,0.0019574259848299485,0.005627599706386102,0.012723268901394667,0.007340347443112306,0.0017127477367262051,0.004404208465867384,0.004159530217763639,0.0007340347443112305,0.0,0.0,0.0,0.0,0.0,0.0
Marinha Grande,0.0,0.0,0.0004893564962074872,0.0007340347443112308,0.0,0.002691460729141179,0.001957425984829949,0.005627599706386101,0.012723268901394665,0.007340347443112305,0.001712747736726205,0.004404208465867385,0.004159530217763641,0.0007340347443112308,0.0,0.0,0.0,0.0,0.0,0.0
Pombal,0.0,0.0,0.0004893564962074872,0.0007340347443112308,0.0,0.002691460729141179,0.001957425984829948,0.005627599706386105,0.012723268901394665,0.007340347443112308,0.0017127477367262054,0.004404208465867384,0.00415953021776364,0.0007340347443112308,0.0,0.0,0.0,0.0,0.0,0.0
Porto de Mós,0.0,0.0,0.0004893564962074871,0.0007340347443112308,0.0,0.0026914607291411794,0.0019574259848299485,0.005627599706386102,0.012723268901394667,0.007340347443112307,0.0017127477367262051,0.004404208465867384,0.004159530217763641,0.0007340347443112308,0.0,0.0,0.0,0.0,0.0,0.0
Alvaiázere,0.0,0.0,0.0004893564962074871,0.0007340347443112308,0.0,0.002691460729141179,0.0019574259848299485,0.005627599706386102,0.012723268901394668,0.007340347443112308,0.0017127477367262051,0.004404208465867384,0.004159530217763641,0.0007340347443112308,0.0,0.0,0.0,0.0,0.0,0.0
Ansião,0.0,0.0,0.0004893564962074871,0.0007340347443112308,0.0,0.0026914607291411785,0.0019574259848299485,0.005627599706386102,0.01272326890139467,0.007340347443112307,0.0017127477367262047,0.004404208465867384,0.00415953021776364,0.0007340347443112308,0.0,0.0,0.0,0.0,0.0,0.0
Arganil,0.0,0.002008032128514056,0.001004016064257028,0.0,0.0006024096385542168,0.00180722891566265,0.003614457831325301,0.0008032128514056224,0.010642570281124501,0.0048192771084337345,0.002811244979919679,0.002811244979919679,0.007228915662650602,0.006024096385542169,0.0,0.0,0.0,0.0,0.0,0.0
Castanheira de Pêra,0.0,0.0,0.0004893564962074871,0.0007340347443112305,0.0,0.0026914607291411794,0.0019574259848299485,0.0056275997063861,0.012723268901394665,0.007340347443112305,0.001712747736726205,0.004404208465867384,0.00415953021776364,0.0007340347443112305,0.0,0.0,0.0,0.0,0.0,0.0
Figueiró dos Vinhos,0.0,0.0,0.000489356496207487,0.0007340347443112308,0.0,0.0026914607291411794,0.0019574259848299485,0.005627599706386104,0.012723268901394667,0.007340347443112307,0.0017127477367262054,0.004404208465867385,0.004159530217763641,0.0007340347443112308,0.0,0.0,0.0,0.0,0.0,0.0
Góis,0.0,0.002008032128514056,0.0010040160642570282,0.0,0.0006024096385542168,0.0018072289156626507,0.0036144578313253013,0.0008032128514056222,0.010642570281124501,0.004819277108433735,0.002811244979919679,0.002811244979919679,0.0072289156626506035,0.006024096385542169,0.0,0.0,0.0,0.0,0.0,0.0
Lousã,0.0,0.002008032128514056,0.001004016064257028,0.0,0.000602409638554217,0.0018072289156626504,0.0036144578313253004,0.0008032128514056224,0.010642570281124497,0.004819277108433735,0.0028112449799196785,0.0028112449799196785,0.007228915662650602,0.006024096385542168,0.0,0.0,0.0,0.0,0.0,0.0
Miranda do Corvo,0.0,0.002008032128514056,0.001004016064257028,0.0,0.0006024096385542166,0.0018072289156626504,0.003614457831325301,0.0008032128514056223,0.0106425702811245,0.004819277108433733,0.002811244979919679,0.002811244979919679,0.007228915662650599,0.006024096385542167,0.0,0.0,0.0,0.0,0.0,0.0
Oliveira do Hospital,0.0,0.002008032128514056,0.001004016064257028,0.0,0.0006024096385542167,0.0018072289156626507,0.0036144578313253013,0.0008032128514056225,0.0106425702811245,0.004819277108433735,0.002811244979919679,0.002811244979919679,0.007228915662650603,0.006024096385542167,0.0,0.0,0.0,0.0,0.0,0.0
Pampilhosa da Serra,0.0,0.002008032128514056,0.001004016064257028,0.0,0.0006024096385542168,0.0018072289156626504,0.0036144578313252996,0.0008032128514056224,0.010642570281124497,0.0048192771084337345,0.002811244979919678,0.002811244979919678,0.007228915662650602,0.006024096385542168,0.0,0.0,0.0,0.0,0.0,0.0
Pedrógão Grande,0.0,0.0,0.0004893564962074874,0.0007340347443112308,0.0,0.0026914607291411794,0.0019574259848299485,0.005627599706386103,0.012723268901394668,0.007340347443112307,0.0017127477367262051,0.0044042084658673835,0.00415953021776364,0.0007340347443112308,0.0,0.0,0.0,0.0,0.0,0.0
Penela,0.0,0.0020080321285140565,0.001004016064257028,0.0,0.0006024096385542167,0.0018072289156626507,0.0036144578313253013,0.0008032128514056225,0.010642570281124501,0.004819277108433735,0.002811244979919679,0.002811244979919679,0.0072289156626506035,0.006024096385542166,0.0,0.0,0.0,0.0,0.0,0.0
Tábua,0.0,0.002008032128514056,0.001004016064257028,0.0,0.0006024096385542169,0.0018072289156626498,0.003614457831325301,0.0008032128514056225,0.0106425702811245,0.0048192771084337345,0.0028112449799196785,0.0028112449799196785,0.007228915662650602,0.006024096385542168,0.0,0.0,0.0,0.0,0.0,0.0
Vila Nova de Poiares,0.0,0.0020080321285140565,0.0010040160642570282,0.0,0.0006024096385542168,0.0018072289156626509,0.0036144578313253013,0.0008032128514056224,0.010642570281124501,0.0048192771084337345,0.002811244979919678,0.002811244979919678,0.007228915662650603,0.006024096385542168,0.0,0.0,0.0,0.0,0.0,0.0
Aguiar da Beira,0.0,0.00019873252809857132,0.0008059708083997616,0.001490493960739285,0.0014132090887009519,0.00038642436019166644,0.00017665113608761896,0.0010157440325038094,0.001104069600547618,0.001567778832777618,0.0011923951685914283,0.001313842824651666,0.0014794532647338086,0.0024620752092211888,0.0,0.0,0.0,0.0,0.0,0.0
Carregal do Sal,0.0,0.0005186452984803693,0.0008298324775685909,0.0023339038431616625,0.001711529484985219,0.001607800425289145,0.00269695555209792,0.0021264457237695138,0.004356620507235102,0.0012447487163528865,0.0020227166640734403,0.0018152585446812926,0.0019708521342254037,0.002904413671490069,0.0,0.0,0.0,0.0,0.0,0.0
Castro Daire,0.0,0.0005186452984803693,0.0008298324775685907,0.0023339038431616616,0.001711529484985219,0.0016078004252891448,0.0026969555520979203,0.002126445723769514,0.004356620507235102,0.0012447487163528867,0.0020227166640734403,0.0018152585446812928,0.0019708521342254033,0.0029044136714900678,0.0,0.0,0.0,0.0,0.0,0.0
Mangualde,0.0,0.0005186452984803693,0.0008298324775685909,0.0023339038431616625,0.0017115294849852185,0.0016078004252891448,0.0026969555520979208,0.002126445723769514,0.004356620507235101,0.0012447487163528862,0.0020227166640734403,0.0018152585446812926,0.0019708521342254024,0.0029044136714900686,0.0,0.0,0.0,0.0,0.0,0.0
Mortágua,0.0,0.0005186452984803693,0.0008298324775685908,0.002333903843161662,0.0017115294849852185,0.0016078004252891448,0.00269695555209792,0.0021264457237695146,0.004356620507235101,0.0012447487163528862,0.0020227166640734403,0.0018152585446812924,0.0019708521342254037,0.0029044136714900673,0.0,0.0,0.0,0.0,0.0,0.0
Nelas,0.0,0.0005186452984803693,0.0008298324775685904,0.0023339038431616616,0.0017115294849852183,0.0016078004252891443,0.00269695555209792,0.002126445723769514,0.004356620507235101,0.001244748716352886,0.0020227166640734403,0.0018152585446812928,0.0019708521342254033,0.002904413671490068,0.0,0.0,0.0,0.0,0.0,0.0
Oliveira de Frades,0.0,0.0005186452984803694,0.0008298324775685908,0.0023339038431616616,0.0017115294849852187,0.0016078004252891446,0.00269695555209792,0.0021264457237695138,0.004356620507235102,0.0012447487163528865,0.0020227166640734403,0.0018152585446812924,0.0019708521342254033,0.0029044136714900678,0.0,0.0,0.0,0.0,0.0,0.0
Penalva do Castelo,0.0,0.0005186452984803692,0.000829832477568591,0.0023339038431616616,0.0017115294849852187,0.0016078004252891446,0.00269695555209792,0.0021264457237695138,0.004356620507235102,0.0012447487163528862,0.0020227166640734403,0.0018152585446812924,0.0019708521342254033,0.002904413671490067,0.0,0.0,0.0,0.0,0.0,0.0
Santa Comba Dão,0.0,0.0005186452984803694,0.0008298324775685909,0.0023339038431616616,0.0017115294849852183,0.001607800425289145,0.0026969555520979203,0.002126445723769514,0.004356620507235101,0.0012447487163528865,0.0020227166640734403,0.0018152585446812926,0.0019708521342254033,0.0029044136714900678,0.0,0.0,0.0,0.0,0.0,0.0
São Pedro do Sul,0.0,0.0005186452984803693,0.0008298324775685909,0.0023339038431616616,0.0017115294849852185,0.0016078004252891443,0.00269695555209792,0.002126445723769514,0.004356620507235103,0.0012447487163528862,0.00202271666407344,0.001815258544681293,0.001970852134225403,0.002904413671490068,0.0,0.0,0.0,0.0,0.0,0.0
Sátão,0.0,0.0005186452984803692,0.0008298324775685908,0.0023339038431616616,0.0017115294849852183,0.001607800425289145,0.0026969555520979208,0.0021264457237695138,0.004356620507235101,0.0012447487163528856,0.0020227166640734403,0.0018152585446812918,0.0019708521342254024,0.0029044136714900678,0.0,0.0,0.0,0.0,0.0,0.0
Tondela,0.0,0.0005186452984803694,0.0008298324775685909,0.002333903843161662,0.001711529484985218,0.0016078004252891446,0.0026969555520979195,0.0021264457237695138,0.004356620507235102,0.0012447487163528862,0.00202271666407344,0.0018152585446812928,0.0019708521342254033,0.0029044136714900678,0.0,0.0,0.0,0.0,0.0,0.0
Vila Nova de Paiva,0.0,0.0005186452984803693,0.0008298324775685907,0.002333903843161661,0.0017115294849852183,0.001607800425289145,0.0026969555520979203,0.002126445723769514,0.004356620507235102,0.0012447487163528862,0.00202271666407344,0.0018152585446812924,0.0019708521342254037,0.0029044136714900678,0.0,0.0,0.0,0.0,0.0,0.0
Viseu,0.0,0.0005186452984803693,0.0008298324775685909,0.0023339038431616616,0.0017115294849852193,0.001607800425289145,0.0026969555520979195,0.002126445723769514,0.004356620507235102,0.0012447487163528867,0.00202271666407344,0.0018152585446812924,0.0019708521342254033,0.002904413671490068,0.0,0.0,0.0,0.0,0.0,0.0
Vouzela,0.0,0.0005186452984803692,0.0008298324775685908,0.002333903843161661,0.001711529484985219,0.001607800425289145,0.0026969555520979203,0.0021264457237695133,0.004356620507235101,0.0012447487163528862,0.0020227166640734394,0.0018152585446812928,0.0019708521342254037,0.002904413671490068,0.0,0.0,0.0,0.0,0.0,0.0
Arcos de Valdevez,0.0,0.0,1.719956657092241e-05,3.4399133141844826e-05,0.0,0.0005159869971276724,0.00049878743055675,0.00020639479885106894,0.0004729880807003664,0.0007911800622624314,0.0007911800622624314,0.001358765759102871,0.0015479609913830173,0.007825802789769697,0.0,0.0,0.0,0.0,0.0,0.0
Caminha,0.0,0.0,1.719956657092241e-05,3.439913314184482e-05,0.0,0.0005159869971276724,0.00049878743055675,0.00020639479885106894,0.00047298808070036634,0.0007911800622624313,0.0007911800622624313,0.001358765759102871,0.001547960991383017,0.007825802789769696,0.0,0.0,0.0,0.0,0.0,0.0
Melgaço,0.0,0.0,1.7199566570922413e-05,3.439913314184483e-05,0.0,0.0005159869971276724,0.00049878743055675,0.0002063947988510689,0.00047298808070036645,0.0007911800622624309,0.0007911800622624309,0.0013587657591028707,0.0015479609913830173,0.007825802789769697,0.0,0.0,0.0,0.0,0.0,0.0
Monção,0.0,0.0,1.7199566570922413e-05,3.439913314184483e-05,0.0,0.0005159869971276725,0.0004987874305567499,0.00020639479885106894,0.00047298808070036634,0.0007911800622624308,0.0007911800622624308,0.0013587657591028705,0.001547960991383017,0.007825802789769697,0.0,0.0,0.0,0.0,0.0,0.0
Paredes de Coura,0.0,0.0,1.719956657092241e-05,3.439913314184482e-05,0.0,0.0005159869971276724,0.0004987874305567499,0.00020639479885106897,0.0004729880807003663,0.0007911800622624312,0.0007911800622624312,0.001358765759102871,0.0015479609913830166,0.007825802789769699,0.0,0.0,0.0,0.0,0.0,0.0
Ponte da Barca,0.0,0.0,1.719956657092241e-05,3.439913314184482e-05,0.0,0.0005159869971276724,0.00049878743055675,0.00020639479885106897,0.00047298808070036634,0.0007911800622624309,0.0007911800622624309,0.0013587657591028702,0.0015479609913830173,0.007825802789769697,0.0,0.0,0.0,0.0,0.0,0.0
Ponte de Lima,0.0,0.0,1.7199566570922413e-05,3.439913314184482e-05,0.0,0.0005159869971276723,0.0004987874305567499,0.00020639479885106894,0.00047298808070036634,0.000791180062262431,0.000791180062262431,0.0013587657591028707,0.001547960991383017,0.007825802789769697,0.0,0.0,0.0,0.0,0.0,0.0
Valença,0.0,0.0,1.7199566570922416e-05,3.4399133141844826e-05,0.0,0.0005159869971276724,0.0004987874305567501,0.00020639479885106897,0.0004729880807003664,0.000791180062262431,0.000791180062262431,0.0013587657591028711,0.0015479609913830173,0.007825802789769699,0.0,0.0,0.0,0.0,0.0,0.0
Viana do Castelo,0.0,0.0,1.7199566570922413e-05,3.439913314184484e-05,0.0,0.0005159869971276724,0.00049878743055675,0.00020639479885106897,0.0004729880807003663,0.0007911800622624309,0.0007911800622624309,0.0013587657591028707,0.0015479609913830173,0.007825802789769699,0.0,0.0,0.0,0.0,0.0,0.0
Vila Nova de Cerveira,0.0,0.0,1.719956657092241e-05,3.4399133141844826e-05,0.0,0.0005159869971276725,0.0004987874305567498,0.00020639479885106894,0.00047298808070036634,0.0007911800622624308,0.0007911800622624308,0.0013587657591028707,0.0015479609913830168,0.007825802789769696,0.0,0.0,0.0,0.0,0.0,0.0
Amares,0.0,0.0,1.7199566570922416e-05,3.4399133141844826e-05,0.0,0.0005159869971276725,0.00049878743055675,0.00020639479885106894,0.0004729880807003664,0.000791180062262431,0.000791180062262431,0.0013587657591028705,0.0015479609913830175,0.0078258027897697,0.0,0.0,0.0,0.0,0.0,0.0
Barcelos,0.0,0.0,1.7199566570922416e-05,3.439913314184483e-05,0.0,0.0005159869971276724,0.0004987874305567501,0.0002063947988510689,0.00047298808070036645,0.0007911800622624312,0.0007911800622624312,0.0013587657591028707,0.0015479609913830166,0.007825802789769697,0.0,0.0,0.0,0.0,0.0,0.0
Braga,0.0,0.0,1.7199566570922413e-05,3.4399133141844826e-05,0.0,0.0005159869971276724,0.00049878743055675,0.00020639479885106892,0.0004729880807003664,0.000791180062262431,0.000791180062262431,0.0013587657591028702,0.0015479609913830175,0.007825802789769697,0.0,0.0,0.0,0.0,0.0,0.0
Esposende,0.0,0.0,1.7199566570922416e-05,3.4399133141844826e-05,0.0,0.0005159869971276725,0.00049878743055675,0.00020639479885106894,0.00047298808070036634,0.000791180062262431,0.000791180062262431,0.0013587657591028705,0.0015479609913830175,0.007825802789769696,0.0,0.0,0.0,0.0,0.0,0.0
Terras de Bouro,0.0,0.0,1.7199566570922416e-05,3.4399133141844826e-05,0.0,0.0005159869971276724,0.0004987874305567499,0.000206394798851069,0.00047298808070036634,0.0007911800622624309,0.0007911800622624309,0.0013587657591028705,0.0015479609913830177,0.007825802789769697,0.0,0.0,0.0,0.0,0.0,0.0
Vila Verde,0.0,0.0,1.7199566570922406e-05,3.4399133141844826e-05,0.0,0.0005159869971276724,0.00049878743055675,0.0002063947988510689,0.00047298808070036624,0.000791180062262431,0.000791180062262431,0.00135876575910287,0.0015479609913830166,0.007825802789769697,0.0,0.0,0.0,0.0,0.0,0.0
Fafe,0.0,0.0,1.7199566570922413e-05,3.4399133141844826e-05,0.0,0.0005159869971276725,0.0004987874305567498,0.00020639479885106894,0.0004729880807003665,0.0007911800622624312,0.0007911800622624312,0.0013587657591028707,0.0015479609913830173,0.007825802789769697,0.0,0.0,0.0,0.0,0.0,0.0
Guimarães,0.0,0.0,1.7199566570922413e-05,3.4399133141844826e-05,0.0,0.0005159869971276724,0.00049878743055675,0.00020639479885106902,0.0004729880807003663,0.000791180062262431,0.000791180062262431,0.0013587657591028705,0.001547960991383017,0.007825802789769697,0.0,0.0,0.0,0.0,0.0,0.0
Póvoa de Lanhoso,0.0,0.0,1.719956657092241e-05,3.4399133141844826e-05,0.0,0.0005159869971276725,0.00049878743055675,0.00020639479885106897,0.00047298808070036634,0.0007911800622624309,0.0007911800622624309,0.0013587657591028705,0.001547960991383017,0.0078258027897697,0.0,0.0,0.0,0.0,0.0,0.0
Santo Tirso,0.0,0.0,0.0,0.0,0.0,0.0,0.0,0.0,0.0,0.0,0.0,0.0,0.0,0.0,0.0,0.0,0.0,0.0,0.0,0.0
Trofa,0.0,0.0,0.0,0.0,0.0,0.0,0.0,0.0,0.0,0.0,0.0,0.0,0.0,0.0,0.0,0.0,0.0,0.0,0.0,0.0
Vieira do Minho,0.0,0.0,1.7199566570922413e-05,3.4399133141844826e-05,0.0,0.0005159869971276724,0.0004987874305567501,0.00020639479885106897,0.00047298808070036634,0.000791180062262431,0.000791180062262431,0.0013587657591028705,0.0015479609913830173,0.007825802789769697,0.0,0.0,0.0,0.0,0.0,0.0
Vila Nova de Famalicão,0.0,0.0,1.719956657092241e-05,3.439913314184483e-05,0.0,0.0005159869971276725,0.00049878743055675,0.00020639479885106894,0.00047298808070036634,0.000791180062262431,0.000791180062262431,0.0013587657591028707,0.0015479609913830166,0.007825802789769699,0.0,0.0,0.0,0.0,0.0,0.0
Vizela,0.0,0.0,1.7199566570922413e-05,3.439913314184482e-05,0.0,0.0005159869971276724,0.00049878743055675,0.000206394798851069,0.0004729880807003664,0.0007911800622624309,0.0007911800622624309,0.0013587657591028707,0.0015479609913830175,0.007825802789769697,0.0,0.0,0.0,0.0,0.0,0.0
Espinho,0.0,0.0,0.0015041363750313362,0.00125344697919278,0.0,0.0007520681875156681,0.0,0.00250689395838556,0.007520681875156682,0.009275507646026571,0.00877412885434946,0.009024818250188017,0.03459513662572073,0.0125344697919278,0.0,0.0,0.0,0.0,0.0,0.0
Gondomar,0.0,0.0,0.0,0.0,0.0,0.0,0.0,0.0,0.0,0.0,0.0,0.0,0.0,0.0,0.0,0.0,0.0,0.0,0.0,0.0
Maia,0.0,0.0,0.0,0.0,0.0,0.0,0.0,0.0,0.0,0.0,0.0,0.0,0.0,0.0,0.0,0.0,0.0,0.0,0.0,0.0
Matosinhos,0.0,0.0,0.0,0.0,0.0,0.0,0.0,0.0,0.0,0.0,0.0,0.0,0.0,0.0,0.0,0.0,0.0,0.0,0.0,0.0
Póvoa de Varzim,0.0,0.0,0.0,0.0,0.0,0.0,0.0,0.0,0.0,0.0,0.0,0.0,0.0,0.0,0.0,0.0,0.0,0.0,0.0,0.0
Valongo,0.0,0.0,0.0,0.0,0.0,0.0,0.0,0.0,0.0,0.0,0.0,0.0,0.0,0.0,0.0,0.0,0.0,0.0,0.0,0.0
Vila do Conde,0.0,0.0,0.0,0.0,0.0,0.0,0.0,0.0,0.0,0.0,0.0,0.0,0.0,0.0,0.0,0.0,0.0,0.0,0.0,0.0
Vila Nova de Gaia,0.0,0.0,0.0,0.0,0.0,0.0,0.0,0.0,0.0,0.0,0.0,0.0,0.0,0.0,0.0,0.0,0.0,0.0,0.0,0.0
Amarante,0.0,0.0,0.0,0.0,0.0,0.0,0.0,0.0,0.0,0.0,0.0,0.0,0.0,0.0,0.0,0.0,0.0,0.0,0.0,0.0
Baião,0.0,0.0,0.0,0.0,0.0,0.0,0.0,0.0,0.0,0.0,0.0,0.0,0.0,0.0,0.0,0.0,0.0,0.0,0.0,0.0
Cabeceiras de Basto,0.0,0.0,1.7199566570922413e-05,3.439913314184481e-05,0.0,0.0005159869971276725,0.00049878743055675,0.00020639479885106897,0.00047298808070036645,0.000791180062262431,0.000791180062262431,0.0013587657591028707,0.001547960991383017,0.007825802789769696,0.0,0.0,0.0,0.0,0.0,0.0
Castelo de Paiva,0.0,0.0,0.001504136375031336,0.00125344697919278,0.0,0.000752068187515668,0.0,0.00250689395838556,0.00752068187515668,0.009275507646026575,0.00877412885434946,0.009024818250188015,0.03459513662572073,0.012534469791927799,0.0,0.0,0.0,0.0,0.0,0.0
Celorico de Basto,0.0,0.0,1.7199566570922413e-05,3.439913314184482e-05,0.0,0.0005159869971276724,0.00049878743055675,0.00020639479885106892,0.00047298808070036634,0.0007911800622624308,0.0007911800622624308,0.0013587657591028707,0.001547960991383017,0.007825802789769697,0.0,0.0,0.0,0.0,0.0,0.0
Cinfães,0.0,0.0005186452984803692,0.0008298324775685908,0.002333903843161662,0.0017115294849852187,0.0016078004252891452,0.0026969555520979203,0.002126445723769514,0.004356620507235103,0.0012447487163528867,0.0020227166640734407,0.0018152585446812928,0.0019708521342254037,0.002904413671490068,0.0,0.0,0.0,0.0,0.0,0.0
Felgueiras,0.0,0.0,0.0,0.0,0.0,0.0,0.0,0.0,0.0,0.0,0.0,0.0,0.0,0.0,0.0,0.0,0.0,0.0,0.0,0.0
Lousada,0.0,0.0,0.0,0.0,0.0,0.0,0.0,0.0,0.0,0.0,0.0,0.0,0.0,0.0,0.0,0.0,0.0,0.0,0.0,0.0
Marco de Canaveses,0.0,0.0,0.0,0.0,0.0,0.0,0.0,0.0,0.0,0.0,0.0,0.0,0.0,0.0,0.0,0.0,0.0,0.0,0.0,0.0
Mondim de Basto,0.0,1.958096729978461e-05,4.895241824946151e-05,0.00031329547679655363,0.00034266692774623063,0.0002937145094967691,0.00040140982964558447,0.0007440767573918152,0.0008713530448404151,0.0010769532014881533,0.000675543371842569,0.0008224006265909534,0.0011748580379870768,0.0009496769140395533,0.0,0.0,0.0,0.0,0.0,0.0
Paços de Ferreira,0.0,0.0,0.0,0.0,0.0,0.0,0.0,0.0,0.0,0.0,0.0,0.0,0.0,0.0,0.0,0.0,0.0,0.0,0.0,0.0
Paredes,0.0,0.0,0.0,0.0,0.0,0.0,0.0,0.0,0.0,0.0,0.0,0.0,0.0,0.0,0.0,0.0,0.0,0.0,0.0,0.0
Penafiel,0.0,0.0,0.0,0.0,0.0,0.0,0.0,0.0,0.0,0.0,0.0,0.0,0.0,0.0,0.0,0.0,0.0,0.0,0.0,0.0
Resende,0.0,0.0005186452984803692,0.0008298324775685909,0.0023339038431616616,0.0017115294849852185,0.001607800425289145,0.00269695555209792,0.0021264457237695138,0.004356620507235101,0.0012447487163528862,0.0020227166640734403,0.0018152585446812924,0.001970852134225403,0.002904413671490068,0.0,0.0,0.0,0.0,0.0,0.0
Ribeira de Pena,0.0,1.9580967299784605e-05,4.895241824946152e-05,0.0003132954767965537,0.00034266692774623063,0.00029371450949676914,0.0004014098296455845,0.0007440767573918152,0.000871353044840415,0.0010769532014881535,0.0006755433718425689,0.0008224006265909536,0.0011748580379870764,0.0009496769140395536,0.0,0.0,0.0,0.0,0.0,0.0
Arouca,0.0,0.0,0.001504136375031336,0.0012534469791927803,0.0,0.000752068187515668,0.0,0.0025068939583855598,0.00752068187515668,0.009275507646026573,0.008774128854349464,0.009024818250188015,0.03459513662572073,0.012534469791927804,0.0,0.0,0.0,0.0,0.0,0.0
Oliveira de Azeméis,0.0,0.0,0.0015041363750313362,0.00125344697919278,0.0,0.0007520681875156681,0.0,0.0025068939583855606,0.007520681875156681,0.009275507646026571,0.00877412885434946,0.009024818250188017,0.034595136625720724,0.0125344697919278,0.0,0.0,0.0,0.0,0.0,0.0
Santa Maria da Feira,0.0,0.0,0.001504136375031336,0.0012534469791927799,0.0,0.0007520681875156682,0.0,0.0025068939583855598,0.007520681875156682,0.009275507646026573,0.008774128854349458,0.009024818250188018,0.03459513662572073,0.0125344697919278,0.0,0.0,0.0,0.0,0.0,0.0
São João da Madeira,,,,,,,,,,,,,,,,,,,0.0,0.0
Vale de Cambra,0.0,0.0,0.001504136375031336,0.0012534469791927799,0.0,0.0007520681875156683,0.0,0.0025068939583855598,0.007520681875156684,0.009275507646026571,0.008774128854349462,0.009024818250188015,0.03459513662572073,0.0125344697919278,0.0,0.0,0.0,0.0,0.0,0.0
Porto,,,,,,,,,,,,,,,,,,,0.0,0.0
Alcobaça,0.0,0.0,0.0004893564962074872,0.0007340347443112308,0.0,0.00269146072914118,0.001957425984829948,0.005627599706386102,0.012723268901394665,0.007340347443112307,0.0017127477367262054,0.0044042084658673835,0.004159530217763641,0.0007340347443112308,0.0,0.0,0.0,0.0,0.0,0.0
Alenquer,0.0,0.004249706916764362,0.004762602579132472,0.012968933177022274,0.00791324736225088,0.01018464243845252,0.0156799531066823,0.018977139507620165,0.01589976553341149,0.018537514654161782,0.04022567409144197,0.01033118405627198,0.03670867526377491,0.027696365767878074,0.0,0.0,0.026654545454545455,0.0,0.0,0.0
Arruda dos Vinhos,0.0,0.004249706916764361,0.004762602579132474,0.012968933177022272,0.00791324736225088,0.010184642438452523,0.015679953106682302,0.018977139507620165,0.015899765533411485,0.01853751465416178,0.04022567409144197,0.010331184056271982,0.036708675263774915,0.027696365767878078,0.0,0.0,0.07223300970873787,0.0,0.0,0.0
Bombarral,0.0,0.0,0.0004893564962074871,0.0007340347443112309,0.0,0.0026914607291411794,0.0019574259848299485,0.005627599706386103,0.01272326890139467,0.007340347443112308,0.0017127477367262054,0.004404208465867384,0.004159530217763641,0.0007340347443112309,0.0,0.0,0.0,0.0,0.0,0.0
Cadaval,0.0,0.004249706916764362,0.004762602579132474,0.012968933177022272,0.007913247362250879,0.01018464243845252,0.01567995310668229,0.018977139507620155,0.015899765533411492,0.018537514654161785,0.04022567409144197,0.01033118405627198,0.03670867526377491,0.027696365767878074,0.0,0.0,0.0,0.0,0.0,0.0
Caldas da Rainha,0.0,0.0,0.0004893564962074874,0.0007340347443112307,0.0,0.0026914607291411794,0.0019574259848299485,0.005627599706386104,0.012723268901394667,0.007340347443112306,0.001712747736726205,0.004404208465867384,0.004159530217763641,0.0007340347443112307,0.0,0.0,0.0,0.0,0.0,0.0
Lourinhã,0.0,0.00424970691676436,0.004762602579132474,0.012968933177022277,0.00791324736225088,0.010184642438452522,0.0156799531066823,0.018977139507620165,0.015899765533411485,0.018537514654161782,0.04022567409144197,0.010331184056271979,0.03670867526377491,0.027696365767878085,0.0,0.0,0.0,0.0,0.0,0.0
Mafra,0.0,0.0,0.0,0.0,0.0,0.0,0.0,0.0,0.0,0.0,0.0,0.0,0.0,0.0,0.0,0.0,0.0,0.0,0.0,0.0
Nazaré,0.0,0.0,0.0004893564962074871,0.0007340347443112309,0.0,0.00269146072914118,0.001957425984829949,0.005627599706386103,0.012723268901394668,0.007340347443112309,0.001712747736726205,0.004404208465867386,0.004159530217763641,0.0007340347443112309,0.0,0.0,0.0,0.0,0.0,0.0
Óbidos,0.0,0.0,0.0004893564962074871,0.0007340347443112307,0.0,0.0026914607291411794,0.0019574259848299494,0.005627599706386103,0.012723268901394667,0.007340347443112308,0.0017127477367262056,0.004404208465867385,0.004159530217763641,0.0007340347443112307,0.0,0.0,0.0,0.0,0.0,0.0
Peniche,0.0,0.0,0.0004893564962074871,0.0007340347443112308,0.0,0.002691460729141179,0.001957425984829948,0.005627599706386102,0.012723268901394665,0.007340347443112307,0.0017127477367262047,0.004404208465867384,0.00415953021776364,0.0007340347443112308,0.0,0.0,0.0,0.0,0.0,0.0
Sobral de Monte Agraço,0.0,0.0042497069167643595,0.004762602579132475,0.012968933177022276,0.00791324736225088,0.01018464243845252,0.0156799531066823,0.018977139507620165,0.01589976553341149,0.018537514654161782,0.040225674091441975,0.01033118405627198,0.03670867526377493,0.027696365767878074,0.0,0.0,0.0,0.0,0.0,0.0
Torres Vedras,0.0,0.00424970691676436,0.004762602579132474,0.012968933177022276,0.007913247362250879,0.01018464243845252,0.015679953106682295,0.018977139507620158,0.015899765533411485,0.018537514654161785,0.04022567409144196,0.01033118405627198,0.036708675263774915,0.02769636576787807,0.0,0.0,0.0,0.0,0.0,0.0
Amadora,0.0,0.0,0.0,0.0,0.0,0.0,0.0,0.0,0.0,0.0,0.0,0.0,0.0,0.0,0.0,0.0,0.0,0.0,0.0,0.0
Cascais,0.0,0.0,0.0,0.0,0.0,0.0,0.0,0.0,0.0,0.0,0.0,0.0,0.0,0.0,0.0,0.0,0.0,0.0,0.0,0.0
Loures,0.0,0.0,0.0,0.0,0.0,0.0,0.0,0.0,0.0,0.0,0.0,0.0,0.0,0.0,0.0,0.0,0.0,0.0,0.0,0.0
Odivelas,0.0,0.0,0.0,0.0,0.0,0.0,0.0,0.0,0.0,0.0,0.0,0.0,0.0,0.0,0.0,0.0,0.0,0.0,0.0,0.0
Oeiras,0.0,0.0,0.0,0.0,0.0,0.0,0.0,0.0,0.0,0.0,0.0,0.0,0.0,0.0,0.0,0.0,0.0,0.0,0.0,0.0
Sintra,0.0,0.0,0.0,0.0,0.0,0.0,0.0,0.0,0.0,0.0,0.0,0.0,0.0,0.0,0.0,0.0,0.0,0.0,0.0,0.0
Vila Franca de Xira,0.0,0.004249706916764361,0.004762602579132473,0.012968933177022279,0.007913247362250879,0.010184642438452518,0.015679953106682302,0.01897713950762016,0.015899765533411495,0.018537514654161782,0.04022567409144197,0.010331184056271984,0.036708675263774915,0.027696365767878078,0.0,0.0,0.0,0.05944012441679627,0.0,0.0
Alcochete,0.0,0.004249706916764361,0.004762602579132474,0.012968933177022276,0.007913247362250877,0.010184642438452518,0.015679953106682302,0.018977139507620165,0.01589976553341149,0.018537514654161782,0.040225674091441975,0.01033118405627198,0.036708675263774915,0.027696365767878078,0.0,0.2101210653753026,0.14446125907990315,0.2112046004842615,0.0,0.0
Almada,0.0,0.0,0.0,0.0,0.0,0.0,0.0,0.0,0.0,0.0,0.0,0.0,0.0,0.0,0.0,0.0,0.0,0.0,0.0,0.0
Barreiro,0.0,0.0,0.0,0.0,0.0,0.0,0.0,0.0,0.0,0.0,0.0,0.0,0.0,0.0,0.0,0.0,0.0,0.0,0.0,0.0
Moita,0.0,0.00424970691676436,0.004762602579132474,0.012968933177022272,0.007913247362250882,0.010184642438452523,0.0156799531066823,0.018977139507620165,0.01589976553341149,0.018537514654161782,0.04022567409144197,0.01033118405627198,0.036708675263774915,0.027696365767878074,0.0,0.0,0.0,0.0,0.0,0.0
Montijo,0.0,0.004249706916764361,0.004762602579132474,0.012968933177022276,0.007913247362250879,0.010184642438452522,0.015679953106682295,0.018977139507620165,0.01589976553341149,0.018537514654161785,0.04022567409144197,0.01033118405627198,0.03670867526377491,0.02769636576787807,0.0,0.003935013590313813,0.001849518161601186,0.001719792438843588,0.0,0.0
Palmela,0.0,0.0,0.0,0.0,0.0,0.0,0.0,0.0,0.0,0.0,0.0,0.0,0.0,0.0,0.0,0.010350631136044881,0.0,0.0,0.0,0.0
Seixal,0.0,0.0,0.0,0.0,0.0,0.0,0.0,0.0,0.0,0.0,0.0,0.0,0.0,0.0,0.0,0.0,0.0,0.0,0.0,0.0
Sesimbra,0.0,0.0,0.0,0.0,0.0,0.0,0.0,0.0,0.0,0.0,0.0,0.0,0.0,0.0,0.0,0.0,0.0,0.0,0.0,0.0
Setúbal,0.0,0.0,0.0,0.0,0.0,0.0,0.0,0.0,0.0,0.0,0.0,0.0,0.0,0.0,0.0,0.0,0.0,0.0,0.0,0.0
Abrantes,0.0,0.059689922480620154,0.03255813953488372,0.009302325581395349,0.030232558139534883,0.02868217054263566,0.01627906976744186,0.06124031007751938,0.0,0.015503875968992248,0.013953488372093023,0.0,0.037209302325581395,0.006201550387596899,0.052124031007751946,0.1873875968992248,0.040604651162790696,0.12141860465116279,0.0,0.0
Alcanena,0.0,0.0013211222821827623,0.000515013771020399,0.0026422445643655254,0.0005597975771960859,0.0013211222821827623,0.0027765959828925857,0.0003134866432298081,0.001030027542040798,0.008979153138225216,0.007904341790008733,0.007411719922076179,0.0009180680266015807,0.0020824469871694395,0.0,0.0,0.0,0.0,0.0,0.0
Constância,0.0,0.0013211222821827627,0.000515013771020399,0.0026422445643655263,0.0005597975771960859,0.0013211222821827627,0.002776595982892586,0.0003134866432298081,0.001030027542040798,0.00897915313822522,0.007904341790008733,0.00741171992207618,0.0009180680266015807,0.0020824469871694395,0.0,0.0,0.0,0.0,0.0,0.0
Entroncamento,0.0,0.0013211222821827627,0.000515013771020399,0.0026422445643655254,0.0005597975771960859,0.0013211222821827627,0.0027765959828925857,0.0003134866432298081,0.0010300275420407979,0.008979153138225214,0.007904341790008736,0.007411719922076178,0.0009180680266015807,0.0020824469871694395,0.0,0.0,0.0,0.0,0.0,0.0
Ferreira do Zêzere,0.0,0.0013211222821827631,0.000515013771020399,0.0026422445643655254,0.0005597975771960859,0.0013211222821827631,0.0027765959828925865,0.00031348664322980804,0.0010300275420407983,0.008979153138225218,0.007904341790008733,0.0074117199220761765,0.000918068026601581,0.0020824469871694395,0.0,0.0,0.0,0.0,0.0,0.0
Ourém,0.0,0.001321122282182763,0.000515013771020399,0.0026422445643655254,0.0005597975771960859,0.001321122282182763,0.002776595982892586,0.00031348664322980815,0.0010300275420407983,0.008979153138225218,0.007904341790008729,0.007411719922076177,0.0009180680266015813,0.0020824469871694395,0.0,0.0,0.0,0.0,0.0,0.0
Sardoal,0.0,0.0013211222821827627,0.0005150137710203989,0.0026422445643655254,0.0005597975771960862,0.0013211222821827627,0.002776595982892586,0.0003134866432298081,0.0010300275420407979,0.008979153138225218,0.007904341790008733,0.007411719922076178,0.0009180680266015806,0.0020824469871694395,0.0,0.0,0.0,0.0,0.0,0.0
Tomar,0.0,0.04397270659590599,0.056103108415466264,0.013646702047005308,0.058377558756633814,0.07202426080363912,0.052312357846853674,0.060652009097801364,0.04094010614101592,0.07733131159969674,0.10841546626231995,0.0310841546626232,0.05155420773313116,0.01592115238817286,0.0,0.0,0.0,0.0,0.0,0.0
Torres Novas,0.0,0.0013211222821827625,0.000515013771020399,0.002642244564365524,0.0005597975771960857,0.0013211222821827625,0.002776595982892587,0.00031348664322980793,0.001030027542040798,0.008979153138225218,0.00790434179000873,0.0074117199220761765,0.0009180680266015808,0.0020824469871694395,0.0,0.0,0.0,0.0,0.0,0.0
Vila Nova da Barquinha,0.0,0.001321122282182763,0.000515013771020399,0.002642244564365526,0.000559797577196086,0.001321122282182763,0.002776595982892586,0.00031348664322980804,0.001030027542040798,0.008979153138225218,0.007904341790008734,0.00741171992207618,0.0009180680266015809,0.0020824469871694395,0.0,0.0,0.0,0.0,0.0,0.0
Almeirim,0.0,0.0013211222821827627,0.0005150137710203989,0.0026422445643655254,0.0005597975771960859,0.0013211222821827627,0.002776595982892586,0.0003134866432298081,0.0010300275420407979,0.008979153138225218,0.007904341790008733,0.007411719922076177,0.0009180680266015808,0.002082446987169439,0.0,0.0,0.011835803876852909,0.00846066134549601,0.0,0.0
Alpiarça,0.0,0.0013211222821827627,0.0005150137710203991,0.0026422445643655254,0.0005597975771960859,0.0013211222821827627,0.002776595982892586,0.0003134866432298081,0.0010300275420407979,0.008979153138225216,0.007904341790008734,0.0074117199220761765,0.0009180680266015809,0.0020824469871694395,0.0,0.0,0.00876464998416218,0.0,0.0,0.0
Azambuja,0.0,0.004249706916764361,0.004762602579132473,0.012968933177022276,0.00791324736225088,0.010184642438452522,0.0156799531066823,0.01897713950762016,0.01589976553341149,0.018537514654161782,0.040225674091441975,0.010331184056271982,0.03670867526377491,0.027696365767878074,0.0665008025682183,0.0,0.0,0.0,0.0,0.0
Benavente,0.0,0.001321122282182763,0.000515013771020399,0.002642244564365526,0.0005597975771960859,0.001321122282182763,0.0027765959828925857,0.00031348664322980815,0.001030027542040798,0.00897915313822522,0.007904341790008736,0.007411719922076177,0.0009180680266015813,0.0020824469871694395,0.0020613549735644904,0.0,0.02308065904340342,0.01188060986105988,0.0,0.0
Cartaxo,0.0,0.001321122282182763,0.000515013771020399,0.002642244564365526,0.000559797577196086,0.001321122282182763,0.0027765959828925857,0.00031348664322980804,0.001030027542040798,0.008979153138225218,0.007904341790008734,0.007411719922076178,0.0009180680266015809,0.0020824469871694403,0.0,0.0,0.05639364303178484,0.0,0.0,0.0
Chamusca,0.0,0.0013211222821827627,0.000515013771020399,0.002642244564365526,0.000559797577196086,0.0013211222821827627,0.002776595982892586,0.0003134866432298081,0.0010300275420407985,0.008979153138225218,0.007904341790008736,0.007411719922076178,0.000918068026601581,0.0020824469871694395,0.01424642539508791,0.0074666484230690305,0.004546760621194499,0.006031333378942328,0.0,0.0
Coruche,0.0,0.001774582518087091,0.005528507075579015,0.006984574782727397,0.006688811029712882,0.007507849114983847,0.01890612913500478,0.048732766073622424,0.026209218728670883,0.023774855530782183,0.017950584702188653,0.02723301633525959,0.04268098466578696,0.012558583974154798,0.0162397051462893,0.01525981708149429,0.003826045411111617,0.017984938799654182,0.0,0.0
Golegã,0.0,0.0013211222821827627,0.0005150137710203991,0.002642244564365525,0.000559797577196086,0.0013211222821827627,0.0027765959828925857,0.0003134866432298081,0.001030027542040798,0.008979153138225218,0.007904341790008733,0.0074117199220761765,0.0009180680266015808,0.002082446987169439,0.0,0.0,0.0,0.0,0.0,0.0
Rio Maior,0.0,0.0013211222821827627,0.0005150137710203989,0.0026422445643655263,0.000559797577196086,0.0013211222821827627,0.002776595982892586,0.0003134866432298081,0.0010300275420407979,0.008979153138225216,0.007904341790008734,0.007411719922076177,0.0009180680266015808,0.0020824469871694395,0.0,0.0,0.0,0.0,0.0,0.0
Salvaterra de Magos,0.0,0.0013211222821827627,0.000515013771020399,0.0026422445643655254,0.000559797577196086,0.0013211222821827627,0.002776595982892586,0.00031348664322980815,0.001030027542040798,0.008979153138225218,0.007904341790008734,0.0074117199220761765,0.0009180680266015808,0.0020824469871694395,0.00464614499424626,0.0,0.0,0.0,0.0,0.0
Santarém,0.0,0.0013211222821827625,0.0005150137710203989,0.0026422445643655254,0.0005597975771960859,0.0013211222821827625,0.0027765959828925857,0.0003134866432298081,0.0010300275420407976,0.00897915313822522,0.007904341790008733,0.0074117199220761765,0.0009180680266015809,0.0020824469871694395,0.049736161407139164,0.0,0.0,0.0,0.0,0.0
Lisboa,,,,,,,,,,,,,,,,,,,0.0,0.0
Alijó,0.0,1.9580967299784615e-05,4.895241824946154e-05,0.00031329547679655385,0.0003426669277462307,0.0002937145094967692,0.0004014098296455845,0.0007440767573918153,0.0008713530448404153,0.0010769532014881535,0.0006755433718425691,0.0008224006265909538,0.0011748580379870766,0.0009496769140395536,0.0,0.0,0.0,0.0,0.0,0.0
Armamar,0.0,0.0005186452984803692,0.0008298324775685909,0.0023339038431616625,0.0017115294849852185,0.0016078004252891448,0.0026969555520979208,0.0021264457237695146,0.004356620507235102,0.0012447487163528862,0.0020227166640734403,0.0018152585446812924,0.0019708521342254033,0.0029044136714900665,0.0,0.0,0.0,0.0,0.0,0.0
Carrazeda de Ansiães,0.0,1.9580967299784605e-05,4.895241824946152e-05,0.00031329547679655374,0.0003426669277462307,0.00029371450949676903,0.0004014098296455845,0.0007440767573918152,0.0008713530448404151,0.0010769532014881535,0.000675543371842569,0.0008224006265909536,0.0011748580379870766,0.0009496769140395535,0.0,0.0,0.0,0.0,0.0,0.0
Freixo de Espada à Cinta,0.0,1.9580967299784605e-05,4.895241824946152e-05,0.00031329547679655374,0.00034266692774623063,0.0002937145094967691,0.00040140982964558447,0.000744076757391815,0.0008713530448404151,0.0010769532014881535,0.000675543371842569,0.0008224006265909536,0.0011748580379870768,0.0009496769140395539,0.0,0.0,0.0,0.0,0.0,0.0
Lamego,0.0,0.0005186452984803693,0.0008298324775685909,0.002333903843161662,0.0017115294849852185,0.001607800425289145,0.0026969555520979208,0.002126445723769514,0.004356620507235102,0.0012447487163528865,0.0020227166640734407,0.001815258544681293,0.0019708521342254033,0.002904413671490068,0.0,0.0,0.0,0.0,0.0,0.0
Mesão Frio,0.0,1.958096729978461e-05,4.895241824946152e-05,0.00031329547679655374,0.00034266692774623063,0.00029371450949676914,0.00040140982964558447,0.000744076757391815,0.000871353044840415,0.0010769532014881535,0.000675543371842569,0.0008224006265909535,0.0011748580379870766,0.0009496769140395535,0.0,0.0,0.0,0.0,0.0,0.0
Moimenta da Beira,0.0,0.0005186452984803692,0.000829832477568591,0.002333903843161661,0.0017115294849852185,0.001607800425289145,0.00269695555209792,0.002126445723769514,0.004356620507235101,0.0012447487163528865,0.0020227166640734394,0.0018152585446812924,0.001970852134225403,0.002904413671490068,0.0,0.0,0.0,0.0,0.0,0.0
Penedono,0.0,0.0005186452984803692,0.0008298324775685909,0.0023339038431616616,0.0017115294849852187,0.0016078004252891446,0.0026969555520979203,0.0021264457237695138,0.004356620507235101,0.001244748716352886,0.00202271666407344,0.0018152585446812928,0.0019708521342254033,0.0029044136714900686,0.0,0.0,0.0,0.0,0.0,0.0
Peso da Régua,0.0,1.958096729978461e-05,4.895241824946152e-05,0.00031329547679655374,0.0003426669277462307,0.00029371450949676914,0.0004014098296455846,0.0007440767573918153,0.0008713530448404152,0.0010769532014881537,0.0006755433718425691,0.0008224006265909536,0.0011748580379870768,0.0009496769140395536,0.0,0.0,0.0,0.0,0.0,0.0
Sabrosa,0.0,1.9580967299784612e-05,4.895241824946152e-05,0.00031329547679655374,0.0003426669277462307,0.0002937145094967691,0.0004014098296455845,0.000744076757391815,0.0008713530448404151,0.0010769532014881535,0.000675543371842569,0.0008224006265909535,0.0011748580379870764,0.0009496769140395535,0.0,0.0,0.0,0.0,0.0,0.0
Santa Marta de Penaguião,0.0,1.9580967299784612e-05,4.895241824946154e-05,0.0003132954767965537,0.0003426669277462307,0.00029371450949676914,0.0004014098296455843,0.000744076757391815,0.000871353044840415,0.0010769532014881533,0.000675543371842569,0.0008224006265909533,0.0011748580379870764,0.0009496769140395533,0.0,0.0,0.0,0.0,0.0,0.0
São João da Pesqueira,0.0,0.0005186452984803693,0.0008298324775685909,0.0023339038431616616,0.001711529484985219,0.001607800425289145,0.00269695555209792,0.0021264457237695146,0.004356620507235102,0.0012447487163528865,0.00202271666407344,0.0018152585446812928,0.0019708521342254033,0.0029044136714900678,0.0,0.0,0.0,0.0,0.0,0.0
Sernancelhe,0.0,0.0005186452984803693,0.0008298324775685911,0.002333903843161662,0.0017115294849852191,0.0016078004252891443,0.0026969555520979203,0.002126445723769514,0.004356620507235102,0.0012447487163528862,0.0020227166640734403,0.0018152585446812922,0.0019708521342254033,0.0029044136714900678,0.0,0.0,0.0,0.0,0.0,0.0
Tabuaço,0.0,0.0005186452984803693,0.0008298324775685908,0.002333903843161661,0.0017115294849852183,0.0016078004252891446,0.0026969555520979203,0.002126445723769514,0.004356620507235101,0.0012447487163528865,0.0020227166640734403,0.0018152585446812924,0.0019708521342254033,0.0029044136714900678,0.0,0.0,0.0,0.0,0.0,0.0
Tarouca,0.0,0.0005186452984803692,0.0008298324775685905,0.002333903843161662,0.0017115294849852183,0.0016078004252891446,0.0026969555520979208,0.0021264457237695146,0.004356620507235102,0.001244748716352886,0.00202271666407344,0.0018152585446812926,0.0019708521342254033,0.0029044136714900678,0.0,0.0,0.0,0.0,0.0,0.0
Torre de Moncorvo,0.0,1.958096729978461e-05,4.895241824946152e-05,0.00031329547679655374,0.0003426669277462307,0.0002937145094967691,0.00040140982964558447,0.000744076757391815,0.000871353044840415,0.0010769532014881535,0.0006755433718425689,0.0008224006265909536,0.0011748580379870764,0.0009496769140395536,0.0,0.0,0.0,0.0,0.0,0.0
Vila Flor,0.0,1.9580967299784602e-05,4.895241824946152e-05,0.0003132954767965537,0.0003426669277462307,0.0002937145094967692,0.00040140982964558447,0.0007440767573918152,0.000871353044840415,0.0010769532014881535,0.000675543371842569,0.0008224006265909536,0.0011748580379870766,0.0009496769140395536,0.11063897763578273,0.0058785942492012785,0.0,0.0,0.0,0.0
Vila Nova de Foz Côa,0.0,0.00019873252809857135,0.0008059708083997616,0.001490493960739285,0.0014132090887009517,0.0003864243601916666,0.00017665113608761898,0.0010157440325038092,0.0011040696005476186,0.0015677788327776183,0.0011923951685914279,0.001313842824651666,0.0014794532647338088,0.0024620752092211896,0.0,0.0,0.0,0.0,0.0,0.0
Vila Real,0.0,1.958096729978462e-05,4.895241824946152e-05,0.00031329547679655385,0.00034266692774623074,0.0002937145094967691,0.00040140982964558447,0.0007440767573918152,0.0008713530448404151,0.0010769532014881537,0.0006755433718425689,0.0008224006265909536,0.0011748580379870768,0.0009496769140395537,0.0,0.0,0.0,0.0,0.0,0.0
Alfândega da Fé,0.0,1.958096729978461e-05,4.895241824946152e-05,0.00031329547679655374,0.0003426669277462307,0.00029371450949676914,0.0004014098296455845,0.0007440767573918155,0.0008713530448404153,0.0010769532014881535,0.0006755433718425689,0.0008224006265909539,0.0011748580379870764,0.0009496769140395537,0.0,0.0,0.0,0.0,0.0,0.0
Boticas,0.0,1.9580967299784602e-05,4.895241824946153e-05,0.00031329547679655374,0.00034266692774623063,0.0002937145094967691,0.00040140982964558447,0.0007440767573918152,0.0008713530448404151,0.0010769532014881535,0.0006755433718425689,0.0008224006265909535,0.0011748580379870764,0.0009496769140395535,0.0,0.0,0.0,0.0,0.0,0.0
Bragança,0.0,1.958096729978461e-05,4.895241824946152e-05,0.00031329547679655374,0.0003426669277462307,0.0002937145094967691,0.0004014098296455846,0.0007440767573918152,0.0008713530448404151,0.0010769532014881535,0.000675543371842569,0.0008224006265909538,0.0011748580379870768,0.0009496769140395536,0.0,0.0,0.0,0.0,0.0,0.0
Chaves,0.0,1.9580967299784612e-05,4.8952418249461535e-05,0.00031329547679655374,0.00034266692774623063,0.0002937145094967692,0.0004014098296455845,0.0007440767573918152,0.0008713530448404152,0.0010769532014881535,0.000675543371842569,0.0008224006265909535,0.0011748580379870766,0.0009496769140395537,0.0,0.0,0.0,0.0,0.0,0.0
Macedo de Cavaleiros,0.0,1.958096729978461e-05,4.8952418249461515e-05,0.00031329547679655363,0.00034266692774623063,0.00029371450949676914,0.0004014098296455844,0.0007440767573918153,0.0008713530448404153,0.0010769532014881535,0.000675543371842569,0.0008224006265909536,0.0011748580379870766,0.0009496769140395537,0.0,0.0,0.0,0.0,0.0,0.0
Miranda do Douro,0.0,1.9580967299784602e-05,4.895241824946152e-05,0.00031329547679655385,0.00034266692774623063,0.0002937145094967692,0.0004014098296455845,0.0007440767573918153,0.0008713530448404152,0.0010769532014881535,0.0006755433718425691,0.0008224006265909536,0.0011748580379870766,0.0009496769140395536,0.0,0.0,0.0,0.0,0.0,0.0
Mirandela,0.0,1.9580967299784612e-05,4.895241824946153e-05,0.00031329547679655374,0.0003426669277462307,0.00029371450949676914,0.00040140982964558447,0.000744076757391815,0.000871353044840415,0.0010769532014881537,0.0006755433718425692,0.0008224006265909533,0.0011748580379870764,0.0009496769140395533,0.0,0.0,0.0,0.0,0.0,0.0
Mogadouro,0.0,1.958096729978461e-05,4.8952418249461535e-05,0.00031329547679655363,0.00034266692774623063,0.0002937145094967691,0.0004014098296455845,0.0007440767573918153,0.0008713530448404151,0.0010769532014881535,0.0006755433718425691,0.0008224006265909535,0.0011748580379870766,0.0009496769140395535,0.0019835234474017745,0.0,0.0,0.0,0.0,0.0
Montalegre,0.0,1.9580967299784612e-05,4.8952418249461515e-05,0.0003132954767965538,0.0003426669277462307,0.0002937145094967692,0.00040140982964558463,0.000744076757391815,0.0008713530448404153,0.0010769532014881537,0.0006755433718425691,0.0008224006265909534,0.0011748580379870766,0.0009496769140395536,0.0,0.0,0.0,0.0,0.0,0.0
Murça,0.0,1.958096729978461e-05,4.8952418249461515e-05,0.0003132954767965537,0.00034266692774623074,0.00029371450949676903,0.0004014098296455844,0.0007440767573918152,0.0008713530448404151,0.0010769532014881535,0.000675543371842569,0.0008224006265909534,0.0011748580379870766,0.0009496769140395537,0.0,0.0,0.0,0.0,0.0,0.0
Valpaços,0.0,1.958096729978461e-05,4.89524182494615e-05,0.00031329547679655374,0.00034266692774623074,0.00029371450949676914,0.00040140982964558463,0.000744076757391815,0.0008713530448404151,0.0010769532014881535,0.0006755433718425692,0.0008224006265909535,0.0011748580379870766,0.0009496769140395536,0.0,0.0,0.0,0.0,0.0,0.0
Vila Pouca de Aguiar,0.0,1.958096729978461e-05,4.8952418249461535e-05,0.0003132954767965537,0.00034266692774623063,0.00029371450949676903,0.00040140982964558447,0.0007440767573918152,0.000871353044840415,0.0010769532014881535,0.0006755433718425691,0.0008224006265909536,0.0011748580379870766,0.0009496769140395538,0.0,0.0,0.0,0.0,0.0,0.0
Vimioso,0.0,1.9580967299784612e-05,4.895241824946153e-05,0.00031329547679655374,0.0003426669277462307,0.00029371450949676914,0.00040140982964558436,0.0007440767573918153,0.0008713530448404154,0.0010769532014881535,0.0006755433718425691,0.0008224006265909535,0.0011748580379870764,0.0009496769140395536,0.0,0.0,0.0,0.0,0.0,0.0
Vinhais,0.0,1.958096729978461e-05,4.895241824946153e-05,0.0003132954767965537,0.00034266692774623063,0.00029371450949676903,0.00040140982964558447,0.0007440767573918152,0.0008713530448404152,0.0010769532014881535,0.0006755433718425689,0.0008224006265909536,0.0011748580379870766,0.0009496769140395535,0.0,0.0,0.0,0.0,0.0,0.0
